"","countrycode","country","SD_HHS","SD_SOFI","Amb_mean_HHS","Amb_mean_SOFI","CO2_mean_HHS","CO2_CIu_HHS","CO2_CIl_HHS","CO2_mean_SOFI","CO2_CIu_SOFI","CO2_CIl_SOFI"
"1","",NA,NA,NA,NA,NA,NA,NA,NA,NA,NA,NA
"2","",NA,NA,NA,NA,NA,NA,NA,NA,NA,NA,NA
"3","",NA,NA,NA,NA,NA,NA,NA,NA,NA,NA,NA
"4","",NA,NA,NA,NA,NA,NA,NA,NA,NA,NA,NA
"5","",NA,NA,NA,NA,NA,NA,NA,NA,NA,NA,NA
"6","",NA,NA,NA,NA,NA,NA,NA,NA,NA,NA,NA
"7","",NA,NA,NA,NA,NA,NA,NA,NA,NA,NA,NA
"8","",NA,NA,NA,NA,NA,NA,NA,NA,NA,NA,NA
"9","",NA,NA,NA,NA,NA,NA,NA,NA,NA,NA,NA
"10","",NA,NA,NA,NA,NA,NA,NA,NA,NA,NA,NA
"11","",NA,NA,NA,NA,NA,NA,NA,NA,NA,NA,NA
"12","",NA,NA,NA,NA,NA,NA,NA,NA,NA,NA,NA
"13","",NA,NA,NA,NA,NA,NA,NA,NA,NA,NA,NA
"14","",NA,NA,NA,NA,NA,NA,NA,NA,NA,NA,NA
"15","",NA,NA,NA,NA,NA,NA,NA,NA,NA,NA,NA
"16","",NA,NA,NA,NA,NA,NA,NA,NA,NA,NA,NA
"17","",NA,NA,NA,NA,NA,NA,NA,NA,NA,NA,NA
"18","",NA,NA,NA,NA,NA,NA,NA,NA,NA,NA,NA
"19","",NA,NA,NA,NA,NA,NA,NA,NA,NA,NA,NA
"20","",NA,NA,NA,NA,NA,NA,NA,NA,NA,NA,NA
"21","",NA,NA,NA,NA,NA,NA,NA,NA,NA,NA,NA
"22","",NA,NA,NA,NA,NA,NA,NA,NA,NA,NA,NA
"23","",NA,NA,NA,NA,NA,NA,NA,NA,NA,NA,NA
"24","",NA,NA,NA,NA,NA,NA,NA,NA,NA,NA,NA
"25","",NA,NA,NA,NA,NA,NA,NA,NA,NA,NA,NA
"26","",NA,NA,NA,NA,NA,NA,NA,NA,NA,NA,NA
"27","",NA,NA,NA,NA,NA,NA,NA,NA,NA,NA,NA
"28","",NA,NA,NA,NA,NA,NA,NA,NA,NA,NA,NA
"29","",NA,NA,NA,NA,NA,NA,NA,NA,NA,NA,NA
"30","",NA,NA,NA,NA,NA,NA,NA,NA,NA,NA,NA
"31","",NA,NA,NA,NA,NA,NA,NA,NA,NA,NA,NA
"32","",NA,NA,NA,NA,NA,NA,NA,NA,NA,NA,NA
"33","",NA,NA,NA,NA,NA,NA,NA,NA,NA,NA,NA
"34","",NA,NA,NA,NA,NA,NA,NA,NA,NA,NA,NA
"35","",NA,NA,NA,NA,NA,NA,NA,NA,NA,NA,NA
"36","",NA,NA,NA,NA,NA,NA,NA,NA,NA,NA,NA
"37","",NA,NA,NA,NA,NA,NA,NA,NA,NA,NA,NA
"38","",NA,NA,NA,NA,NA,NA,NA,NA,NA,NA,NA
"39","",NA,NA,NA,NA,NA,NA,NA,NA,NA,NA,NA
"40","",NA,NA,NA,NA,NA,NA,NA,NA,NA,NA,NA
"41","",NA,NA,NA,NA,NA,NA,NA,NA,NA,NA,NA
"42","",NA,NA,NA,NA,NA,NA,NA,NA,NA,NA,NA
"43","",NA,NA,NA,NA,NA,NA,NA,NA,NA,NA,NA
"44","",NA,NA,NA,NA,NA,NA,NA,NA,NA,NA,NA
"45","",NA,NA,NA,NA,NA,NA,NA,NA,NA,NA,NA
"46","",NA,NA,NA,NA,NA,NA,NA,NA,NA,NA,NA
"47","",NA,NA,NA,NA,NA,NA,NA,NA,NA,NA,NA
"48","",NA,NA,NA,NA,NA,NA,NA,NA,NA,NA,NA
"49","",NA,NA,NA,NA,NA,NA,NA,NA,NA,NA,NA
"50","",NA,NA,NA,NA,NA,NA,NA,NA,NA,NA,NA
"51","",NA,NA,NA,NA,NA,NA,NA,NA,NA,NA,NA
"52","",NA,NA,NA,NA,NA,NA,NA,NA,NA,NA,NA
"53","",NA,NA,NA,NA,NA,NA,NA,NA,NA,NA,NA
"54","",NA,NA,NA,NA,NA,NA,NA,NA,NA,NA,NA
"55","",NA,NA,NA,NA,NA,NA,NA,NA,NA,NA,NA
"56","",NA,NA,NA,NA,NA,NA,NA,NA,NA,NA,NA
"57","",NA,NA,NA,NA,NA,NA,NA,NA,NA,NA,NA
"58","",NA,NA,NA,NA,NA,NA,NA,NA,NA,NA,NA
"59","",NA,NA,NA,NA,NA,NA,NA,NA,NA,NA,NA
"60","",NA,NA,NA,NA,NA,NA,NA,NA,NA,NA,NA
"61","",NA,NA,NA,NA,NA,NA,NA,NA,NA,NA,NA
"62","",NA,NA,NA,NA,NA,NA,NA,NA,NA,NA,NA
"63","",NA,NA,NA,NA,NA,NA,NA,NA,NA,NA,NA
"64","",NA,NA,NA,NA,NA,NA,NA,NA,NA,NA,NA
"65","",NA,NA,NA,NA,NA,NA,NA,NA,NA,NA,NA
"66","",NA,NA,NA,NA,NA,NA,NA,NA,NA,NA,NA
"67","",NA,NA,NA,NA,NA,NA,NA,NA,NA,NA,NA
"68","",NA,NA,NA,NA,NA,NA,NA,NA,NA,NA,NA
"69","",NA,NA,NA,NA,NA,NA,NA,NA,NA,NA,NA
"70","",NA,NA,NA,NA,NA,NA,NA,NA,NA,NA,NA
"71","",NA,NA,NA,NA,NA,NA,NA,NA,NA,NA,NA
"72","",NA,NA,NA,NA,NA,NA,NA,NA,NA,NA,NA
"73","",NA,NA,NA,NA,NA,NA,NA,NA,NA,NA,NA
"74","",NA,NA,NA,NA,NA,NA,NA,NA,NA,NA,NA
"75","",NA,NA,NA,NA,NA,NA,NA,NA,NA,NA,NA
"76","",NA,NA,NA,NA,NA,NA,NA,NA,NA,NA,NA
"77","",NA,NA,NA,NA,NA,NA,NA,NA,NA,NA,NA
"78","",NA,NA,NA,NA,NA,NA,NA,NA,NA,NA,NA
"79","",NA,NA,NA,NA,NA,NA,NA,NA,NA,NA,NA
"80","",NA,NA,NA,NA,NA,NA,NA,NA,NA,NA,NA
"81","",NA,NA,NA,NA,NA,NA,NA,NA,NA,NA,NA
"82","",NA,NA,NA,NA,NA,NA,NA,NA,NA,NA,NA
"83","",NA,NA,NA,NA,NA,NA,NA,NA,NA,NA,NA
"84","",NA,NA,NA,NA,NA,NA,NA,NA,NA,NA,NA
"85","",NA,NA,NA,NA,NA,NA,NA,NA,NA,NA,NA
"86","",NA,NA,NA,NA,NA,NA,NA,NA,NA,NA,NA
"87","",NA,NA,NA,NA,NA,NA,NA,NA,NA,NA,NA
"88","",NA,NA,NA,NA,NA,NA,NA,NA,NA,NA,NA
"89","",NA,NA,NA,NA,NA,NA,NA,NA,NA,NA,NA
"90","",NA,NA,NA,NA,NA,NA,NA,NA,NA,NA,NA
"91","",NA,NA,NA,NA,NA,NA,NA,NA,NA,NA,NA
"92","",NA,NA,NA,NA,NA,NA,NA,NA,NA,NA,NA
"93","",NA,NA,NA,NA,NA,NA,NA,NA,NA,NA,NA
"94","",NA,NA,NA,NA,NA,NA,NA,NA,NA,NA,NA
"95","",NA,NA,NA,NA,NA,NA,NA,NA,NA,NA,NA
"96","",NA,NA,NA,NA,NA,NA,NA,NA,NA,NA,NA
"97","",NA,NA,NA,NA,NA,NA,NA,NA,NA,NA,NA
"98","",NA,NA,NA,NA,NA,NA,NA,NA,NA,NA,NA
"99","",NA,NA,NA,NA,NA,NA,NA,NA,NA,NA,NA
"100","",NA,NA,NA,NA,NA,NA,NA,NA,NA,NA,NA
"101","",NA,NA,NA,NA,NA,NA,NA,NA,NA,NA,NA
"102","",NA,NA,NA,NA,NA,NA,NA,NA,NA,NA,NA
"103","",NA,NA,NA,NA,NA,NA,NA,NA,NA,NA,NA
"104","",NA,NA,NA,NA,NA,NA,NA,NA,NA,NA,NA
"105","",NA,NA,NA,NA,NA,NA,NA,NA,NA,NA,NA
"106","",NA,NA,NA,NA,NA,NA,NA,NA,NA,NA,NA
"107","",NA,NA,NA,NA,NA,NA,NA,NA,NA,NA,NA
"108","",NA,NA,NA,NA,NA,NA,NA,NA,NA,NA,NA
"109","",NA,NA,NA,NA,NA,NA,NA,NA,NA,NA,NA
"110","",NA,NA,NA,NA,NA,NA,NA,NA,NA,NA,NA
"111","",NA,NA,NA,NA,NA,NA,NA,NA,NA,NA,NA
"112","",NA,NA,NA,NA,NA,NA,NA,NA,NA,NA,NA
"113","",NA,NA,NA,NA,NA,NA,NA,NA,NA,NA,NA
"114","",NA,NA,NA,NA,NA,NA,NA,NA,NA,NA,NA
"115","",NA,NA,NA,NA,NA,NA,NA,NA,NA,NA,NA
"116","",NA,NA,NA,NA,NA,NA,NA,NA,NA,NA,NA
"117","",NA,NA,NA,NA,NA,NA,NA,NA,NA,NA,NA
"118","",NA,NA,NA,NA,NA,NA,NA,NA,NA,NA,NA
"119","",NA,NA,NA,NA,NA,NA,NA,NA,NA,NA,NA
"120","",NA,NA,NA,NA,NA,NA,NA,NA,NA,NA,NA
"121","ABW",NA,NA,NA,NA,NA,NA,NA,NA,NA,NA,NA
"122","AFG","Afghanistan",0.56191441287324,NA,3.77395172902699,NA,3.70139195793992,3.73974528797892,3.6615087802267,NA,NA,NA
"123","AFRICA","Africa",NA,NA,NA,NA,NA,NA,NA,NA,NA,NA
"124","AGO","Angola",0.646631620863716,0.5189060482667,3.72275940617391,3.79719388926044,3.67711979913873,3.70173101900403,3.65188755072292,3.75155428222526,3.77616550209057,3.72632203380946
"125","ALB","Albania",0.599135713292891,0.500758143565517,4.02521081791948,4.07931326021737,3.957676028564,3.9847607808614,3.92983722170001,4.0117784708619,4.03886322315929,3.98393966399791
"126","Americas","Americas",NA,NA,NA,NA,NA,NA,NA,NA,NA,NA
"127","AND",NA,NA,NA,NA,NA,NA,NA,NA,NA,NA,NA
"128","ANR",NA,NA,NA,NA,NA,NA,NA,NA,NA,NA,NA
"129","ANT",NA,NA,0.457657321783676,NA,NA,NA,NA,NA,NA,NA,NA
"130","ARB",NA,NA,NA,NA,NA,NA,NA,NA,NA,NA,NA
"131","ARE","United Arab Emirates",NA,0.441298172206176,NA,4.27207581407077,NA,NA,NA,4.22302365209533,4.24413694534622,4.20145495534322
"132","ARG","Argentina",0.657608912161723,0.435653040426273,4.12758068117642,4.24890863603736,4.09677194893232,4.11233429403232,4.08096358355112,4.21809990379326,4.23366224889326,4.20229153841206
"133","ARM","Armenia",0.581073022504838,0.434702311372534,3.99006015461822,4.06440003360336,3.91423073487219,3.93999100917552,3.88778928284833,3.98857061385733,4.01433088816066,3.96212916183347
"134","ASIA","Asia",NA,NA,NA,NA,NA,NA,NA,NA,NA,NA
"135","ASM",NA,NA,NA,NA,NA,NA,NA,NA,NA,NA,NA
"136","ATG","Antigua and Barbuda",NA,0.462057544319324,NA,4.12735791746606,NA,NA,NA,4.09852468238277,4.10862102647233,4.088325361557
"137","AUS","Australia",0.603009564895096,0.428936867281207,4.18763758478954,4.27745443441051,4.1559735406118,4.16756539896859,4.14424573363758,4.24579039023278,4.25738224858957,4.23406258325856
"138","Australia and New Zealand","Australia & New Zealand",NA,NA,NA,NA,NA,NA,NA,NA,NA,NA
"139","AUT","Austria",0.569184079854203,0.427965586347602,4.20746259408728,4.2778705809181,4.1669231142494,4.18107937344883,4.15256357423606,4.23733110108022,4.25148736027965,4.22297156106688
"140","AZE","Azerbaijan",0.594599398816092,0.449582232845265,4.08590565450509,4.16161778499625,4.01406663635832,4.04904223713372,3.97782326809005,4.08977876684948,4.12475436762488,4.05353539858121
"141","BDI","Burundi",0.592114212343904,0.505388080453532,3.56474812045852,3.61233918475608,3.50665830299967,3.54692255245578,3.46470458059262,3.55424936729723,3.59451361675335,3.51229564489018
"142","BEL","Belgium",0.590423760697425,0.427965586347602,4.12976498460613,4.21248782165525,4.08347218000223,4.10146687420791,4.06514773393208,4.16619501705136,4.18418971125704,4.1478705709812
"143","BEN","Benin",0.622799063937535,0.501534271825393,3.81339384821174,3.88156487232476,3.76877430082538,3.79152879563926,3.7454899591873,3.8369453249384,3.85969981975228,3.81366098330032
"144","BFA","Burkina Faso",0.629643473548883,0.577590689277607,4.10583964131282,4.13725959103408,4.08688863487774,4.11347750534406,4.0595734402826,4.118308584599,4.14489745506532,4.09099339000386
"145","BGD","Bangladesh",0.585651783761064,0.482387566298118,3.74052899951689,3.79567412336864,3.67377873464877,3.69809631047709,3.64885504448285,3.72892385850052,3.75324143432884,3.7040001683346
"146","BGR","Bulgaria",0.563930257725506,0.456770035259898,3.99987441557049,4.05456365080401,3.95016690967394,3.97560634008332,3.92406338368302,4.00485614490746,4.03029557531684,3.97875261891653
"147","BHR",NA,NA,NA,NA,NA,NA,NA,NA,NA,NA,NA
"148","BHS","Bahamas",NA,0.438488184159075,NA,4.04699878256797,NA,NA,NA,4.00961797863254,4.01700244039333,4.00217858067048
"149","BIH","Bosnia and Herzegovina",0.608851171562302,0.439427616294098,4.07733000248492,4.16613156206036,4.0118246401699,4.04346430748162,3.97915110398183,4.10062619974534,4.13226586705706,4.06795266355727
"150","BLR","Belarus",0.554656147670736,0.432792211465264,4.12284439794159,4.18301156986356,4.07347984454492,4.08539252780565,4.06142353658723,4.13364701646689,4.14555969972762,4.1215907085092
"151","BLZ","Belize",0.710898007711834,0.474911229509191,3.77266370205082,3.91258135277818,3.72290766768391,3.7452981896499,3.70000430556982,3.86282531841127,3.88521584037726,3.83992195629718
"152","BMU","Bermuda",NA,0.464669243895559,NA,4.26148909935579,NA,NA,NA,4.23433386005053,4.24347499338682,4.2251083949147
"153","BOL","Bolivia (Plurinational State of)",0.730960061902753,0.479085752531057,3.74018187918403,3.89257160609335,3.69815083559201,3.71582261958062,3.68016113304363,3.85054056250133,3.86821234648993,3.83255085995294
"154","BRA","Brazil",0.720765414231563,0.523294052736822,4.08405403067749,4.20688708903882,4.04577255672433,4.06175907543397,4.02952631148999,4.16860561508566,4.18459213379531,4.15235936985132
"155","BRB","Barbados",NA,0.436600915721268,NA,4.16736969723699,NA,NA,NA,4.13588575151717,4.14938274391092,4.12220409506874
"156","BRN","Brunei Darussalam",NA,0.435653040426273,NA,4.12461091935978,NA,NA,NA,4.08563859171521,4.09749793363863,4.07363691612916
"157","BTN",NA,0.623440534970185,NA,NA,NA,NA,NA,NA,NA,NA,NA
"158","BWA","Botswana",0.761129388578963,0.472380727077439,3.60216132503133,3.78024852245352,3.56892000123959,3.59154181476824,3.54577457331021,3.74700719866178,3.76962901219043,3.7238617707324
"159","CAA",NA,NA,NA,NA,NA,NA,NA,NA,NA,NA,NA
"160","CAF","Central African Republic",0.73102401130245,0.503851886924174,3.62462224556026,3.7648869361321,3.5942416048512,3.61605787677421,3.57193874800954,3.73450629542304,3.75632256734605,3.71220343858138
"161","CALACA","CALACA",0.678019679657449,0.4968867132449,3.82925866351017,3.93566580361191,3.78923558572344,3.81920828592727,3.75833669072565,3.89564272582518,3.92561542602901,3.86474383082738
"162","CAN","Canada",0.588118724644867,0.428936867281207,4.25787498170436,4.33882338078681,4.22232312047389,4.23585162715546,4.20860908044163,4.30327151955633,4.3168000262379,4.28955747952407
"163","CANAME","CANAME",0.58730166371063,0.486762555000405,4.13440014541696,4.18839287504033,4.06694854220893,4.09396349820049,4.0391834670486,4.1209412718323,4.14795622782387,4.09317619667197
"164","CEA",NA,NA,NA,NA,NA,NA,NA,NA,NA,NA,NA
"165","CEB",NA,NA,NA,NA,NA,NA,NA,NA,NA,NA,NA
"166","CEEAEU","CEEAEU",0.596543637774499,0.439413551080312,4.110978376018,4.19236839746611,4.05860088175158,4.07862302530981,4.03816964713525,4.13999090319969,4.16001304675792,4.11955966858336
"167","Central America","Central America",NA,NA,NA,NA,NA,NA,NA,NA,NA,NA
"168","Central Asia","Central Asia",NA,NA,NA,NA,NA,NA,NA,NA,NA,NA
"169","CEU",NA,NA,NA,NA,NA,NA,NA,NA,NA,NA,NA
"170","CHE","Switzerland",0.594429733306791,0.428936867281207,3.98220972944008,4.06688966530316,3.9371218472806,3.95446781637086,3.91946967636631,4.02180178314368,4.03914775223394,4.00414961222939
"171","CHI",NA,NA,NA,NA,NA,NA,NA,NA,NA,NA,NA
"172","CHL","Chile",0.704172098556409,0.441298172206176,4.00056606985669,4.1511232036531,3.96087202911931,3.98055634601803,3.94079244633087,4.11142916291572,4.13111347981445,4.09134958012728
"173","CHN","China, mainland",0.643056948610437,0.524744149811262,4.22405567926523,4.29313858746274,4.16322132224081,4.17645792282694,4.14980716113467,4.23230423043832,4.24554083102445,4.21889006933218
"174","CHN","China",0.643056948610437,0.524744149811262,4.24758617667542,4.31666908487294,4.18822486815953,4.20117187296992,4.17510803727321,4.25730777635704,4.27025478116743,4.24419094547072
"175","CHN","China, mainland",0.643056948610437,0.524744149811262,4.22405567926523,4.29313858746274,4.16322132224081,4.17645792282694,4.14980716113467,4.23230423043832,4.24554083102445,4.21889006933218
"176","CHN","China",0.643056948610437,0.524744149811262,4.24758617667542,4.31666908487294,4.18822486815953,4.20117187296992,4.17510803727321,4.25730777635704,4.27025478116743,4.24419094547072
"177","CIV","Côte d'Ivoire",0.639731573022418,0.564317048403231,3.72719738996346,3.77259876716506,3.67595358279289,3.69279302643218,3.65882570834474,3.72135495999449,3.73819440363378,3.70422708554634
"178","CIV","Côte d'Ivoire",0.639731573022418,0.564317048403231,3.72719738996346,3.77259876716506,3.67595358279289,3.69279302643218,3.65882570834474,3.72135495999449,3.73819440363378,3.70422708554634
"179","CLA",NA,NA,NA,NA,NA,NA,NA,NA,NA,NA,NA
"180","CME",NA,NA,NA,NA,NA,NA,NA,NA,NA,NA,NA
"181","CMR","Cameroon",0.624491121365301,0.476587423862346,3.97939268956359,4.06081948360376,3.93977685866473,3.96188573108102,3.91716811152085,4.02120365270491,4.04331252512119,3.99859490556102
"182","COD","Democratic Republic of the Congo",0.657247233587957,NA,2.97036567013313,NA,2.91947835045883,2.94665324212389,2.89154430614455,NA,NA,NA
"183","COG","Congo",0.674802175239916,0.500758143565517,3.70414664487006,3.80644627355073,3.65889609156479,3.67038058962743,3.64727816597468,3.76119572024546,3.7726802183081,3.74957779465535
"184","COL","Colombia",0.728532115447865,0.499980204875923,3.56326187486962,3.70365129385521,3.52259330576726,3.54167923551014,3.50313600383416,3.66298272475285,3.68206865449572,3.64352542281975
"185","COM","Comoros",0.783065481764489,0.487279033013975,3.54142190108671,3.72929724744472,3.49123353293644,3.51045704651632,3.47163322065644,3.67910887929445,3.69833239287433,3.65950856701444
"186","CPV","Cabo Verde",0.694553074493982,0.468119140728801,3.86967187752879,4.00130609921498,3.82420642010786,3.84556845166924,3.80237807257786,3.95584064179405,3.97720267335542,3.93401229426405
"187","CRI","Costa Rica",0.695860460145859,0.443157775521755,3.72818102355492,3.87209750654943,3.67965153148554,3.69574555743478,3.6632942451706,3.82356801448005,3.83966204042929,3.8072107281651
"188","CSA",NA,NA,NA,NA,NA,NA,NA,NA,NA,NA,NA
"189","CSS","Caribbean",NA,NA,NA,NA,NA,NA,NA,NA,NA,NA
"190","CUB","Cuba",NA,0.445006573545981,NA,4.16366445179175,NA,NA,NA,4.1156850174336,4.13416077731959,4.09686146809041
"191","CUW",NA,NA,NA,NA,NA,NA,NA,NA,NA,NA,NA
"192","CYM",NA,NA,NA,NA,NA,NA,NA,NA,NA,NA,NA
"193","CYP","Cyprus",NA,0.429905148832323,NA,3.96803379205015,NA,NA,NA,3.93012801652143,3.9454037640579,3.91461529590162
"194","CZE","Czech Republic",0.551105656221467,0.428936867281207,4.00702436120002,4.06688966530316,3.96439116536482,3.98256288097572,3.94588311734255,4.02425646946796,4.04242818507886,4.00574842144569
"195","DEU","Germany",0.564585129731352,0.427965586347602,4.13108125679151,4.19888216959947,4.0874881037797,4.1035395271345,4.07117482334036,4.15528901658766,4.17134043994246,4.13897573614832
"196","DJI","Djibouti",0.630641895511421,0.512215056853556,3.80847858504535,3.87615105299873,3.73916091811283,3.7753343612442,3.70162968754236,3.80683338606621,3.84300682919757,3.76930215549573
"197","DMA","Dominica",NA,0.460304637208337,NA,4.05294290384192,NA,NA,NA,4.00175256803432,4.01655079954919,3.98673205537841
"198","DNK","Denmark",0.545117677732751,0.427965586347602,4.18215669899796,4.23915606873741,4.13930743399573,4.15286212376905,4.12556648705857,4.19630680373518,4.2098614935085,4.18256585679802
"199","DOM","Dominican Republic",0.674067850030109,0.466398769861772,3.68483927220604,3.80325909916386,3.63447477189514,3.64857421116515,3.62017369202991,3.75289459885296,3.76699403812297,3.73859351898773
"200","DZA","Algeria",0.603809167372676,0.494483141320715,4.09437336371441,4.15440933049085,4.01483273179985,4.04728638133721,3.98129041284608,4.0748686985763,4.10732234811365,4.04132637962253
"201","EAP",NA,NA,NA,NA,NA,NA,NA,NA,NA,NA,NA
"202","EAS","Eastern Asia",NA,NA,NA,NA,NA,NA,NA,NA,NA,NA
"203","Eastern Africa","Eastern Africa",NA,NA,NA,NA,NA,NA,NA,NA,NA,NA
"204","Eastern Europe","Eastern Europe",NA,NA,NA,NA,NA,NA,NA,NA,NA,NA
"205","ECA",NA,NA,NA,NA,NA,NA,NA,NA,NA,NA,NA
"206","ECS",NA,NA,NA,NA,NA,NA,NA,NA,NA,NA,NA
"207","ECU","Ecuador",0.686737596695488,0.454093416142425,3.57085822641277,3.70356207447837,3.52292013811461,3.53495246215726,3.51074127222155,3.65562398618021,3.66765631022286,3.64344512028715
"208","EGY","Egypt",0.578126581999125,0.503851886924174,4.37617960986301,4.41636142029148,4.31346002600167,4.34221210615883,4.28385672910524,4.35364183643014,4.3823939165873,4.32403853953371
"209","EMU",NA,NA,NA,NA,NA,NA,NA,NA,NA,NA,NA
"210","ERI","Eritrea",NA,0.484842368383255,NA,3.72834714183386,NA,NA,NA,3.69304668851196,3.71799504130003,3.66745995490933
"211","ESEASP","ESEASP",0.59721060049329,0.502508201767343,3.90764018274478,3.95971318699383,3.85752117052429,3.87411528550491,3.84064703770962,3.90959417477334,3.92618828975396,3.89272004195868
"212","ESP","Spain",0.599988821410344,0.432792211465264,4.22672595435557,4.31306469811176,4.19078173544318,4.2048034144508,4.17656064962152,4.27712047919937,4.29114215820699,4.26289939337771
"213","EST","Estonia",0.607645473022924,0.464669243895559,4.02007610894834,4.09673386627973,3.96535601839254,3.98600903670056,3.94426744151175,4.04201377572393,4.06266679403196,4.02092519884314
"214","ETH","Ethiopia",0.593977449947511,0.575101349252658,3.8309285797094,3.84196240427636,3.7882170811077,3.81574517037079,3.75990969293248,3.79925090567466,3.82677899493775,3.77094351749944
"215","Europe","Europe",NA,NA,NA,NA,NA,NA,NA,NA,NA,NA
"216","EUU","European Union",NA,NA,NA,NA,NA,NA,NA,NA,NA,NA
"217","EUU","European Union",NA,NA,NA,NA,NA,NA,NA,NA,NA,NA
"218","FCS",NA,NA,NA,NA,NA,NA,NA,NA,NA,NA,NA
"219","FIN","Finland",0.556815831235897,0.427965586347602,4.21442591750956,4.2778705809181,4.16944058462025,4.18440210656082,4.15425181120957,4.23288524802879,4.24784676996936,4.21769647461811
"220","FJI","Fiji",0.647646649767822,0.462930451198671,3.97993165054868,4.08250244070292,3.93816863506811,3.95953787196355,3.91633276412928,4.04073942522235,4.06210866211779,4.01890355428351
"221","FRA","France",0.589129944626248,0.428936867281207,4.22091210884478,4.30245573661593,4.17989078494568,4.19678255314792,4.16270877519778,4.26143441271683,4.27832618091907,4.24425240296894
"222","FRO",NA,NA,NA,NA,NA,NA,NA,NA,NA,NA,NA
"223","FSM","Micronesia",0.762043020194141,NA,3.97232509472801,NA,3.93658027608597,3.94745864262807,3.92558226798773,NA,NA,NA
"224","GAB","Gabon",0.639435182046081,0.442229333653903,4.12629466426718,4.23294994851434,4.0894284357185,4.10126338924687,4.07745173684122,4.19608371996567,4.20791867349404,4.18410702108838
"225","GBR","United Kingdom",0.60747335777287,0.428936867281207,4.14622140008441,4.23873992222982,4.10817907965334,4.12487018263204,4.09120464799853,4.20069760179875,4.21738870477746,4.18372317014395
"226","GEO","Georgia",0.64329488194742,0.590971596703205,3.87062329133585,3.90291372985075,3.80582812324202,3.83915256401639,3.7713547671713,3.83811856175693,3.8714430025313,3.80364520568621
"227","GHA","Ghana",0.647228579012043,0.492099133457855,3.90142144742834,3.98979308559833,3.85524190005615,3.87003504577362,3.84022662710635,3.94361353822613,3.95840668394361,3.92859826527634
"228","GIN","Guinea",0.627063950389042,0.53682580740258,3.73522103378557,3.78773465897761,3.6791906494215,3.69647171462582,3.66160568968569,3.73170427461354,3.74898533981786,3.71411931487773
"229","GMB","Gambia",0.674557348692328,0.497635431731501,3.93136927502226,4.03506257190237,3.89545849382308,3.91217299917589,3.87845985795277,3.9991517907032,4.01586629605601,3.98215315483289
"230","GNB","Guinea-Bissau",0.604895456641854,0.503081134293627,3.53062280997133,3.58702675286323,3.47576734278499,3.49385965035676,3.45734166288422,3.53217128567689,3.55026359324866,3.51374560577612
"231","GNQ",NA,NA,NA,NA,NA,NA,NA,NA,NA,NA,NA
"232","GRC","Greece",0.597772412851225,0.430870452556948,4.19078192368403,4.27662317902371,4.13617050008033,4.1549433937641,4.11703843135438,4.22201175542,4.24078464910377,4.20287968669405
"233","GRD","Grenada",NA,0.493690373536489,NA,3.95567235144442,NA,NA,NA,3.91695845826535,3.92880718737926,3.90496765164986
"234","GRL",NA,NA,NA,NA,NA,NA,NA,NA,NA,NA,NA
"235","GTM","Guatemala",0.728404444042723,0.538913998815958,3.64673648837755,3.76680885636824,3.60282202824844,3.65470261269052,3.54810185769416,3.72289439623913,3.77477498068121,3.66817422568485
"236","GUM",NA,NA,NA,NA,NA,NA,NA,NA,NA,NA,NA
"237","GUY","Guyana",0.657910401968286,0.479914320542959,3.87792151371306,3.979185684691,3.83159636868563,3.84957022312027,3.81329353272299,3.93286053966356,3.9508343940982,3.91455770370092
"238","HIC",NA,NA,NA,NA,NA,NA,NA,NA,NA,NA,NA
"239","HIGHIN","HIGHIN",0.597778193885594,0.429102662953373,4.18192914397923,4.26853398084495,4.14443325182903,4.15780379004699,4.13088151688513,4.23103808869476,4.24440862691271,4.21748635375086
"240","HKG","China, Hong Kong SAR",0.651296794847301,NA,4.37287372118139,NA,4.34624329495269,4.35248343477869,4.33996397114014,NA,NA,NA
"241","HND","Honduras",0.735186858609464,0.525466874389162,3.6809938600454,3.81318600054127,3.62992745292598,3.67507512082608,3.58264469918824,3.76211959342185,3.80726726132194,3.71483683968411
"242","HPC",NA,NA,NA,NA,NA,NA,NA,NA,NA,NA,NA
"243","HRV","Croatia",0.594260100112368,0.433748708488446,3.88387047725364,3.96637403948872,3.83244725115627,3.8535122967528,3.81092890346186,3.91495081339135,3.93601585898789,3.89343246569695
"244","HTI","Haiti",0.749753447935206,0.533316772407458,3.38249652978428,3.52134825626409,3.33577403605278,3.36403342527924,3.3066927717762,3.47462576253259,3.50288515175906,3.44554449825601
"245","HUN","Hungary",0.580405008397434,0.478255088428874,3.9424388772869,3.99650989936926,3.89790019782837,3.91869472107648,3.87666406303074,3.95197121991073,3.97276574315884,3.9307350851131
"246","IDN","Indonesia",0.620009236968451,0.503081134293627,3.85084554087145,3.91650595399347,3.79963697911253,3.82001056362209,3.77883966377999,3.86529739223455,3.88567097674411,3.84450007690201
"247","IMN",NA,NA,NA,NA,NA,NA,NA,NA,NA,NA,NA
"248","IND","India",0.595674697107097,0.473226406157533,3.69378683852108,3.7592293951655,3.62563694149095,3.64822442621743,3.60252744874389,3.69107949813538,3.71366698286186,3.66797000538832
"249","INX",NA,NA,NA,NA,NA,NA,NA,NA,NA,NA,NA
"250","IRL","Ireland",0.597829175906425,0.43183279975312,4.15203347850385,4.23749355681502,4.11010399938336,4.12831394778464,4.09155628861959,4.19556407769453,4.2137740260958,4.17701636693076
"251","IRN","Iran (Islamic Republic of)",0.620818996458053,0.494483141320715,4.12478000035472,4.19523132501111,4.05203102800596,4.07820192269359,4.02515676868488,4.12248235266235,4.14865324734998,4.09560809334127
"252","IRQ","Iraq",0.578626199807849,NA,3.82157990701224,NA,3.74726160125429,3.78168034706577,3.71161584787626,NA,NA,NA
"253","ISL","Iceland",NA,0.428936867281207,NA,4.44060607509675,NA,NA,NA,4.41340832442591,4.42513129604686,4.40154629293497
"254","ISR","Israel",0.626186096406919,0.428936867281207,4.3889129650039,4.49297406061406,4.34903129444985,4.36630480679015,4.33145415550088,4.45309239006,4.47036590240031,4.43551525111104
"255","ITA","Italy",0.607817620134975,0.428936867281207,4.28118698898131,4.37391470059808,4.23190099015134,4.25182464479062,4.21157230004062,4.3246287017681,4.34455235640738,4.30430001165739
"256","JAM","Jamaica",0.66377561674112,0.460304637208337,3.93858404866964,4.05294290384192,3.89014572432752,3.90565239401359,3.87439480537265,4.0045045794998,4.02001124918586,3.98875366054493
"257","JOR","Jordan",0.604380738674086,0.475750399065234,4.05146846595714,4.1209372834919,3.99397563194639,4.02172152474945,3.96543788153179,4.06344444948114,4.0911903422842,4.03490669906655
"258","JPN","Japan",0.54591692681258,0.426991284213103,4.14144679565814,4.19929866275141,4.10794932521389,4.11803354134867,4.09776238085098,4.16580119230715,4.17588540844194,4.15561424794425
"259","KAZ","Kazakhstan",0.568580359782409,0.445006573545981,3.99724127059452,4.0598676581101,3.94273032552212,3.96102093632935,3.92409892534783,4.0053567130377,4.02364732384493,3.98672531286341
"260","KEN","Kenya",0.677007926700436,0.477422316242137,3.72207385217382,3.83727768455842,3.67445824122424,3.71810807657658,3.62881578958398,3.78966207360885,3.83331190896119,3.74401962196859
"261","KGZ","Kyrgyzstan",0.592734856441336,0.478255088428874,3.93520655915305,3.99650989936926,3.86834597693184,3.89775460295334,3.83804621023319,3.92964931714805,3.95905794316955,3.8993495504494
"262","KHM","Cambodia",0.607817620134975,0.500758143565517,3.94241325537182,4.0017550258715,3.89206911589286,3.91160783418463,3.87214101542575,3.95141088639254,3.97094960468431,3.93148278592544
"263","KIR","Kiribati",NA,0.491300640723447,NA,4.14199171725368,NA,NA,NA,4.10594821361349,4.11682982226376,4.09494689168914
"264","KNA","Saint Kitts and Nevis",NA,0.479085752531057,NA,4.05962569075651,NA,NA,NA,4.03022023600124,4.04086611596076,4.01945980064505
"265","KOR","Republic of Korea",0.582689551146728,0.433748708488446,4.2961445621468,4.37183914759689,4.24876199813167,4.25922595917798,4.23818738371166,4.32445658358176,4.33492054462807,4.31388196916175
"266","KWT","Kuwait",NA,0.474911229509191,NA,4.30607026983963,NA,NA,NA,4.25689861839735,4.27319323525061,4.24033408271058
"267","LAC",NA,NA,NA,NA,NA,NA,NA,NA,NA,NA,NA
"268","LAO","Lao People's Democratic Republic",0.611901053052641,0.503851886924174,3.92366241480985,3.98394050219479,3.8548391911546,3.87625530958513,3.83295436641972,3.91511727853954,3.93653339697007,3.89323245380466
"269","LBN","Lebanon",NA,0.473226406157533,NA,4.06241565415325,NA,NA,NA,4.0030395887799,4.0251069043125,3.98047429717369
"270","LBR","Liberia",0.620121110552797,0.550511738739587,3.3630729656128,3.40381647424437,3.29933742051098,3.31965512048527,3.27859833522787,3.34008092914256,3.36039862911685,3.31934184385945
"271","LBY","Libya",NA,0.450489560363712,NA,4.02566396304675,NA,NA,NA,3.95442710544076,3.98291135504407,3.92510765517428
"272","LCA","Saint Lucia",0.646154296603395,0.474911229509191,4.06790843150654,4.16389578105909,4.03586502541716,4.04985018907277,4.02168149955224,4.13185237496971,4.14583753862532,4.11766884910479
"273","LCN",NA,NA,NA,NA,NA,NA,NA,NA,NA,NA,NA
"274","LCR",NA,NA,NA,NA,NA,NA,NA,NA,NA,NA,NA
"275","LDC","Least Developed Countries",NA,NA,NA,NA,NA,NA,NA,NA,NA,NA
"276","LIC",NA,NA,NA,NA,NA,NA,NA,NA,NA,NA,NA
"277","LIE",NA,NA,NA,NA,NA,NA,NA,NA,NA,NA,NA
"278","LIFDC","Low Income Food Deficit Countries",NA,NA,NA,NA,NA,NA,NA,NA,NA,NA
"279","LKA","Sri Lanka",0.609943385175549,0.549167531469926,3.80296858000457,3.83819155775389,3.74379362719264,3.76202009255397,3.72522878075947,3.77901660494195,3.79724307030328,3.76045175850879
"280","LLDC","Land Locked Developing Countries",NA,NA,NA,NA,NA,NA,NA,NA,NA,NA
"281","LMC",NA,NA,NA,NA,NA,NA,NA,NA,NA,NA,NA
"282","LMY",NA,NA,NA,NA,NA,NA,NA,NA,NA,NA,NA
"283","LSO","Lesotho",0.706933703858122,0.491300640723447,4.02678848819077,4.15597795922842,3.98122278036734,4.04352836801332,3.91477574246586,4.11041225140499,4.17271783905097,4.0439652135035
"284","LTU","Lithuania",0.616697152751257,0.49050021908041,4.28717912537245,4.35704158201924,4.24274163138821,4.26035105572662,4.22481654835332,4.312604088035,4.3302135123734,4.29467900500011
"285","LUX","Luxembourg",0.57807108713588,0.427965586347602,4.26373370795208,4.33923952729439,4.21623116956847,4.22920336066015,4.20308848666042,4.29173698891078,4.30470918000245,4.27859430600272
"286","LVA","Latvia",0.600842732769792,0.444083516117977,4.02418662462983,4.10608753474711,3.97473142887438,3.98925321251874,3.95999565164527,4.05663233899166,4.07115412263602,4.04189656176255
"287","MAC","China, Macao SAR",NA,NA,NA,NA,NA,NA,NA,NA,NA,NA
"288","MAF",NA,NA,NA,NA,NA,NA,NA,NA,NA,NA,NA
"289","MAFR","Middle Africa",NA,NA,NA,NA,NA,NA,NA,NA,NA,NA
"290","MAR","Morocco",0.636062341630274,0.51520526346735,4.26362046743449,4.33318988690235,4.19575128235963,4.22378619034807,4.16690769249187,4.26532070182749,4.29335560981593,4.23647711195973
"291","MCA",NA,NA,NA,NA,NA,NA,NA,NA,NA,NA,NA
"292","MCO",NA,NA,NA,NA,NA,NA,NA,NA,NA,NA,NA
"293","MDA","Republic of Moldova",0.590761591650478,0.510709915981566,3.81448441747957,3.85857173742333,3.7655616602165,3.80271792835376,3.72697134877939,3.80964898016025,3.84680524829752,3.77105866872315
"294","MDG","Madagascar",0.655320295755759,0.499200446347456,3.56946728890355,3.65958909110151,3.51076457570469,3.53381324707735,3.48717210457675,3.60088637790265,3.62393504927531,3.57729390677471
"295","MDV","Maldives",0.615539253928533,0.472380727077439,4.31036538376682,4.38823789467316,4.28153250351661,4.2901532382883,4.27283680496577,4.35940501442295,4.36802574919464,4.35070931587211
"296","MEA",NA,NA,NA,NA,NA,NA,NA,NA,NA,NA,NA
"297","Melanesia","Melanesia",NA,NA,NA,NA,NA,NA,NA,NA,NA,NA
"298","MEX","Mexico",0.67382317795934,0.509197994821349,3.93186424578206,4.02924178439463,3.89740626372553,3.94344182018483,3.84914873370995,3.9947838023381,4.0408193587974,3.94652627232252
"299","MHL",NA,NA,NA,NA,NA,NA,NA,NA,NA,NA,NA
"300","MIC",NA,NA,NA,NA,NA,NA,NA,NA,NA,NA,NA
"301","MKD","The former Yugoslav Republic of Macedonia",0.652016321879981,0.443157775521755,3.91457174304614,4.0289399780424,3.8499094286443,3.8722764663998,3.82703063829861,3.96427766364056,3.98664470139605,3.94139887329487
"302","MLI","Mali",0.590705277481379,0.507679225573303,4.03022625696879,4.07582352135161,4.00171952981095,4.02288800174914,3.98009324500471,4.04731679419377,4.06848526613197,4.02569050938754
"303","MLT","Malta",NA,0.430870452556948,NA,4.38451214103489,NA,NA,NA,4.33868678113278,4.3566908391247,4.32035262484788
"304","MMR","Myanmar",NA,NA,NA,NA,NA,NA,NA,NA,NA,NA
"305","MNA",NA,NA,NA,NA,NA,NA,NA,NA,NA,NA,NA
"306","MNE","Montenegro",0.566060531874297,0.440364272662198,4.1572758506634,4.22052776721766,4.09912270333864,4.12175612690092,4.07596512152493,4.16237461989289,4.18500804345518,4.13921703807918
"307","MNG","Mongolia",0.610633861163176,0.511463329759292,3.83891483453563,3.89455432189092,3.7950070447256,3.817103008083,3.77241179682619,3.85064653208089,3.8727424954383,3.82805128418148
"308","MNP",NA,NA,NA,NA,NA,NA,NA,NA,NA,NA,NA
"309","MOZ","Mozambique",0.664685368057841,0.555175399013077,3.51676629902827,3.5835597564487,3.47320827142175,3.51047277017817,3.43450119965282,3.54000172884218,3.57726622759859,3.50129465707325
"310","MRT","Mauritania",0.633584190150989,0.505388080453532,3.91015940116867,3.98316530824106,3.86320016240298,3.88641538294311,3.83943316029735,3.93620606947537,3.9594212900155,3.91243906736974
"311","MUS","Mauritius",NA,0.479085752531057,NA,4.17569786200927,NA,NA,NA,4.12703982203832,4.146800685119,4.10688058174575
"312","MWI","Malawi",0.654117685738547,0.524744149811262,3.96045229649766,4.03670905851506,3.91732285981219,3.97235843172927,3.85908106089052,3.9935796218296,4.04861519374667,3.93533782290793
"313","MYS","Malaysia",0.668027411499559,0.444083516117977,4.01097619333986,4.13550141995341,3.96837064772902,3.97968975368083,3.95692195137067,4.09289587434257,4.10421498029438,4.08144717798422
"314","NAC","Northern America",NA,NA,NA,NA,NA,NA,NA,NA,NA,NA
"315","NAFR","Northern Africa",NA,NA,NA,NA,NA,NA,NA,NA,NA,NA
"316","NAM","Namibia",0.780423319325289,0.473226406157533,3.66576163487877,3.85832029780974,3.62917808675895,3.65283820008431,3.60494457848517,3.82173674968991,3.84539686301528,3.79750324141614
"317","NCL","New Caledonia",NA,0.488087275732784,NA,4.05527267552951,NA,NA,NA,4.02069300061655,4.0343536369744,4.00684316368983
"318","NeFoIC","Net Food Importing Developing Countries",NA,NA,NA,NA,NA,NA,NA,NA,NA,NA
"319","NER","Niger",0.599363130210716,0.51816913554843,4.12444701227618,4.16981546668667,4.10858714895119,4.13815341329551,4.07812001772937,4.15395560336168,4.183521867706,4.12348847213986
"320","NEUR","Northern Europe",NA,NA,NA,NA,NA,NA,NA,NA,NA,NA
"321","NGA","Nigeria",0.684081808044314,0.493690373536489,3.84355348385713,3.95567235144442,3.8101504094628,3.82941135427184,3.79051118266616,3.92226927705009,3.94153022185913,3.90263005025345
"322","NIC","Nicaragua",0.633643123567861,0.535426532885883,3.7695401095297,3.82695112749302,3.726187916664,3.76770204832232,3.6828754355206,3.78359893462732,3.82511306628563,3.74028645348392
"323","NLD","Netherlands",0.578848346924388,0.428936867281207,4.03715991502242,4.11269920133446,3.99793803123705,4.01240877188179,3.98325480973997,4.07347731754909,4.08794805819383,4.05879409605201
"324","NOC",NA,NA,NA,NA,NA,NA,NA,NA,NA,NA,NA
"325","NOR","Norway",0.550944654978205,0.427965586347602,4.1789633338618,4.23915606873741,4.13792543075674,4.15519266151915,4.12035479612058,4.19811816563234,4.21538539639475,4.18054753099618
"326","NPL","Nepal",0.589579751168292,0.5189060482667,3.88664086905259,3.92581126708254,3.81968516511577,3.84441085038078,3.79433258724282,3.85885556314572,3.88358124841073,3.83350298527277
"327","NZL","New Zealand",0.608621394429013,0.427965586347602,4.25744125561196,4.35107398494139,4.22433393108759,4.23649260473553,4.21202560262436,4.31796666041702,4.33012533406497,4.3056583319538
"328","Oceania","Oceania",NA,NA,NA,NA,NA,NA,NA,NA,NA,NA
"329","OEC",NA,NA,NA,NA,NA,NA,NA,NA,NA,NA,NA
"330","OED",NA,NA,NA,NA,NA,NA,NA,NA,NA,NA,NA
"331","OMN",NA,NA,NA,NA,NA,NA,NA,NA,NA,NA,NA
"332","OSS",NA,NA,NA,NA,NA,NA,NA,NA,NA,NA,NA
"333","PAK","Pakistan",0.573974596479425,0.516690459418634,3.57294619958151,3.60418510285625,3.51401478097297,3.54609694099717,3.48086914305354,3.54525368424771,3.57733584427191,3.51210804632828
"334","PAN","Panama",0.703294639475334,0.488893547176172,3.81313133558905,3.94093456031117,3.77492757228685,3.78852009128939,3.76114774783506,3.90273079700897,3.91632331601151,3.88895097255718
"335","PER","Peru",0.679832425732438,0.501534271825393,3.87978780063469,3.9851055512656,3.82936497708595,3.84577506013713,3.81268110404604,3.93468272771686,3.95109281076804,3.91799885467695
"336","PHL","Philippines",0.648543069913103,0.533316772407458,3.72152157595817,3.78961224285877,3.66968585763051,3.68701030157265,3.65205597805401,3.73777652453111,3.75510096847325,3.72014664495461
"337","PLW",NA,NA,NA,NA,NA,NA,NA,NA,NA,NA,NA
"338","PNG",NA,0.696795142317655,NA,NA,NA,NA,NA,NA,NA,NA,NA
"339","POL","Poland",0.589073735048489,0.436600915721268,4.25731286618132,4.33550661903899,4.20596345121964,4.22391296892466,4.18768585042609,4.28415720407731,4.30210672178233,4.26587960328376
"340","POLYN","Polynesia",NA,NA,NA,NA,NA,NA,NA,NA,NA,NA
"341","PRI",NA,NA,NA,NA,NA,NA,NA,NA,NA,NA,NA
"342","PRK","Democratic People's Republic of Korea",NA,0.472380727077439,NA,3.85872013789502,NA,NA,NA,3.79803147643286,3.82488513078367,3.77043675727156
"343","PRT","Portugal",0.621808527189059,0.435653040426273,4.29531344748963,4.39373958391581,4.25402830139871,4.26704216038652,4.2408428463039,4.3524544378249,4.3654682968127,4.33926898273008
"344","PRY","Paraguay",0.706431157234588,0.496850156416928,3.81092052059052,3.93701297158066,3.77807203264155,3.81342138855503,3.74142716439965,3.90416448363168,3.93951383954517,3.86751961538979
"345","PSE","Occupied Palestinian Territory",0.604781050007863,0.454988098068868,3.70894023888632,3.78831321341846,3.64272028963389,3.67065803630534,3.61397953737768,3.72209326416603,3.75003101083748,3.69335251190982
"346","PSS",NA,NA,NA,NA,NA,NA,NA,NA,NA,NA,NA
"347","PYF","French Polynesia",NA,0.445926965707575,NA,4.30729381789167,NA,NA,NA,4.28331857069439,4.2922502304729,4.27430641688425
"348","QAT",NA,0.637362827291435,NA,NA,NA,NA,NA,NA,NA,NA,NA
"349","ROU","Romania",0.559740808450716,0.438488184159075,4.13380455482586,4.19432349732483,4.07129138984334,4.09649635076743,4.04543467606339,4.13181033234231,4.1570152932664,4.10595361856236
"350","RUS","Russian Federation",0.6315236820609,0.446844710306128,4.14439434135181,4.2439703242894,4.09410614642904,4.11470449974315,4.07307456145702,4.19368212936664,4.21428048268075,4.17265054439461
"351","RWA","Rwanda",0.696421186022621,0.530483232004731,3.64931906394005,3.75111406839153,3.59696691729033,3.62967545956996,3.56315224440767,3.69876192174181,3.73147046402144,3.66494724885915
"352","SAS",NA,NA,NA,NA,NA,NA,NA,NA,NA,NA,NA
"353","SAU","Saudi Arabia",NA,0.447759824849666,NA,4.16243544666661,NA,NA,NA,4.10738284921949,4.12710161334932,4.08726742058586
"354","SCE",NA,NA,NA,NA,NA,NA,NA,NA,NA,NA,NA
"355","SDN","Sudan (former)",0.603580638388813,0.586165253482392,3.72986821190922,3.74022815323311,3.70674416762541,3.72819824704867,3.68481970050569,3.71710410894929,3.73855818837255,3.69517964182957
"356","SEN","Senegal",0.632641721854964,0.481565215711001,3.78886627244847,3.87303151807288,3.74558195000165,3.76338623911046,3.72745491320895,3.82974719562606,3.84755148473488,3.81162015883337
"357","SGP",NA,0.645557944350314,NA,NA,NA,NA,NA,NA,NA,NA,NA
"358","SLB","Solomon Islands",NA,0.470682769970642,NA,3.91458055576153,NA,NA,NA,3.8674580829883,3.88132968799592,3.85339134659677
"359","SLE","Sierra Leone",0.603923453197455,0.551181870467148,3.72966123676718,3.76012227826231,3.68379252228196,3.70082128370318,3.66646875124457,3.7142535637771,3.73128232519832,3.6969297927397
"360","SLV","El Salvador",0.681001036576664,0.481565215711001,3.75710284065503,3.87303151807288,3.71921568558498,3.76156012756821,3.67499860378825,3.83514436300284,3.87748880498606,3.7909272812061
"361","SMR",NA,NA,NA,NA,NA,NA,NA,NA,NA,NA,NA
"362","SOASIA","SOASIA",0.578761301717286,0.502575656579066,3.68227268142149,3.72346385831129,3.61826974009689,3.64113350410223,3.59487096824278,3.6594609169867,3.68232468099204,3.63606214513259
"363","SOM","Somalia",NA,NA,NA,NA,NA,NA,NA,NA,NA,NA
"364","SOTRLA","SOTRLA",0.708657027997937,0.50457183588246,4.07822061089657,4.20202163377911,4.04110847371143,4.05610381968653,4.02588483973504,4.16490949659397,4.17990484256907,4.14968586261758
"365","SouAfr","Southern Africa",NA,NA,NA,NA,NA,NA,NA,NA,NA,NA
"366","SouAm","South America",NA,NA,NA,NA,NA,NA,NA,NA,NA,NA
"367","SouAs","Southern Asia",NA,NA,NA,NA,NA,NA,NA,NA,NA,NA
"368","SouEAs","South-Eastern Asia",NA,NA,NA,NA,NA,NA,NA,NA,NA,NA
"369","SouEur","Southern Europe",NA,NA,NA,NA,NA,NA,NA,NA,NA,NA
"370","SRB","Serbia",0.571768614449984,NA,3.96367471081006,NA,3.91160991831074,3.93592868893699,3.8866849730394,NA,NA,NA
"371","SRB","Serbia",0.571768614449984,0.440364272662198,3.96367471081006,4.03017403872644,3.91160991831074,3.93592868893699,3.8866849730394,3.97810924622712,4.00242801685337,3.95318430095578
"372","SRB","Serbia and Montenegro",0.571768614449984,NA,3.7683659584893,NA,3.72816677094459,3.74489901026555,3.71114979271528,NA,NA,NA
"373","SRB","Serbia and Montenegro",0.571768614449984,0.440364272662198,3.7683659584893,3.83486528640567,3.72816677094459,3.74489901026555,3.71114979271528,3.79466609886096,3.81139833818192,3.77764912063165
"374","SRB","Serbia and Montenegro",0.571768614449984,NA,3.7683659584893,NA,3.72816677094459,3.74489901026555,3.71114979271528,NA,NA,NA
"375","SRB","Serbia and Montenegro",0.571768614449984,0.440364272662198,3.7683659584893,3.83486528640567,3.72816677094459,3.74489901026555,3.71114979271528,3.79466609886096,3.81139833818192,3.77764912063165
"376","SRB","Serbia",0.571768614449984,NA,3.96367471081006,NA,3.91160991831074,3.93592868893699,3.8866849730394,NA,NA,NA
"377","SRB","Serbia",0.571768614449984,0.440364272662198,3.96367471081006,4.03017403872644,3.91160991831074,3.93592868893699,3.8866849730394,3.97810924622712,4.00242801685337,3.95318430095578
"378","SSA",NA,NA,NA,NA,NA,NA,NA,NA,NA,NA,NA
"379","SSD",NA,0.663896874351497,NA,NA,NA,NA,NA,NA,NA,NA,NA
"380","SSF",NA,NA,NA,NA,NA,NA,NA,NA,NA,NA,NA
"381","SST","Small Island Developing States",NA,NA,NA,NA,NA,NA,NA,NA,NA,NA
"382","STP","Sao Tome and Principe",0.696421186022621,0.471532852666111,3.78285045656457,3.91418007516343,3.72383980223826,3.74107515239981,3.70630217735702,3.85516942083712,3.87240477099866,3.83763179595588
"383","SUR","Suriname",0.709323440699519,0.461182277858062,3.71872204178922,3.86394736684695,3.67037928816818,3.68566428699335,3.65485702690688,3.8156046132259,3.83088961205108,3.80008235196461
"384","SUSAAF","SUSAAF",0.651145347985254,0.521649217114566,3.80967965891211,3.88561583815541,3.7719145792935,3.79563409151032,3.74761875428259,3.84785075853679,3.87157027075362,3.82355493352589
"385","SVK","Slovakia",0.552072366617744,0.430870452556948,3.81789996456066,3.87746724010881,3.76498328160158,3.79044470275825,3.73885660115303,3.82455055714972,3.85001197830639,3.79842387670117
"386","SVN","Slovenia",0.580238086725481,0.429905148832323,4.09434175839789,4.17027065854504,4.05138189514481,4.07056293333736,4.03182573782622,4.12731079529196,4.14649183348451,4.10775463797337
"387","SWE","Sweden",0.546717015478097,0.428936867281207,4.12721637150942,4.18467270095955,4.08874734722183,4.10212191769668,4.07519146997208,4.14620367667196,4.15957824714681,4.13264779942222
"388","SWZ","Swaziland",0.700603325887681,0.474069902733665,3.64639778798819,3.77944916177167,3.59821255464292,3.64090395457298,3.55361700624956,3.73126392842641,3.77395532835647,3.68666838003304
"389","SXM",NA,NA,NA,NA,NA,NA,NA,NA,NA,NA,NA
"390","SYC","Seychelles",0.792809635437533,0.443157775521755,3.95121925939663,4.16729841141523,3.91229662382329,3.92806362356595,3.89627703795796,4.1283757758419,4.14414277558455,4.11235618997656
"391","SYR","Syrian Arab Republic",0.606384034826625,0.487279033013975,3.927023065327,3.99215343616579,3.86078196971322,3.89252269699026,3.82800064926023,3.92591234055201,3.95765306782906,3.89313102009903
"392","TCA",NA,NA,NA,NA,NA,NA,NA,NA,NA,NA,NA
"393","TCD","Chad",0.629584773846649,0.559123025587225,3.86225451681665,3.90413373167551,3.84840417196499,3.8644325513419,3.83211469295782,3.89028338682385,3.90631176620076,3.87399390781668
"394","TGO","Togo",0.626712715387717,0.50843947048936,3.79259963274995,3.85972869898852,3.75372421704299,3.78873600090953,3.71744199332269,3.82085328328156,3.8558650671481,3.78457105956126
"395","THA","Thailand",0.627181056387478,0.48969785807916,3.69514225936497,3.77191830200697,3.6417467028422,3.65716104474667,3.62609103425635,3.7185227454842,3.73393708738867,3.70286707689835
"396","TJK","Tajikistan",0.578459627734051,0.545783746027881,3.66133362602999,3.67970144777498,3.5830383536319,3.61727725916492,3.54758545692291,3.60140617537689,3.63564508090992,3.56595327866791
"397","TKM","Turkmenistan",0.63541271865557,0.461182277858062,4.10219043168954,4.19772054649899,4.04253186414379,4.07347443144099,4.01060119873249,4.13806197895325,4.16900454625044,4.10613131354195
"398","TLS","Timor-Leste",NA,0.49289570764046,NA,3.84881882424693,NA,NA,NA,3.8094604295738,3.84458018772327,3.7730622396203
"399","TON",NA,NA,NA,NA,NA,NA,NA,NA,NA,NA,NA
"400","TTO","Trinidad and Tobago",0.632465106834299,0.484842368383255,3.95887702767821,4.04134702226993,3.91683476254838,3.93438659019974,3.89896935616938,3.9993047571401,4.01685658479146,3.9814393507611
"401","TUN","Tunisia",0.60798979910284,0.445006573545981,4.2218934493577,4.30770382201469,4.14934481106519,4.18143020530282,4.11619572092785,4.23515518372218,4.26724057795981,4.20200609358484
"402","TUR","Turkey",0.631053299595639,0.484026131241554,4.21972647433133,4.30169995993427,4.14974947313723,4.17830784476049,4.12035148407756,4.23172295874017,4.26028133036342,4.2023249696805
"403","TUV",NA,NA,NA,NA,NA,NA,NA,NA,NA,NA,NA
"404","TWN","China, Taiwan Province of",NA,NA,NA,NA,NA,NA,NA,NA,NA,NA
"405","TZA","United Republic of Tanzania",0.616755084490229,0.539607229108392,3.74163221560205,3.78623765187131,3.69869115757156,3.73052322325836,3.66581240189029,3.74329659384082,3.77512865952761,3.71041783815955
"406","UGA","Uganda",0.656464005640205,0.531902956703636,3.6557285155573,3.72974063323286,3.61436944412846,3.63847901684992,3.58966420918304,3.68838156180402,3.71249113452548,3.6636763268586
"407","UKR","Ukraine",0.550032947139048,0.438488184159075,4.0231191484264,4.07825132607208,3.96345390485609,3.98462275883857,3.94182722130106,4.01858608250176,4.03975493648424,3.99695939894673
"408","UMC",NA,NA,NA,NA,NA,NA,NA,NA,NA,NA,NA
"409","URY","Uruguay",0.662624323390899,0.434702311372534,3.92359922941691,4.04865167663522,3.88086549669062,3.90059442960727,3.86073948591904,4.00591794390894,4.02564687682558,3.98579193313736
"410","USA","United States of America",0.635648897341451,0.428936867281207,4.15468406634389,4.26471540863308,4.12254737779154,4.13565697856301,4.10926362986075,4.23257872008074,4.2456883208522,4.21929497214994
"411","UZB","Uzbekistan",0.611785783292226,0.450489560363712,4.00251381970718,4.08818432002808,3.92811832441761,3.96019734421733,3.89497603836964,4.0137888247385,4.04586784453822,3.98064653869054
"412","VCT","Saint Vincent and the Grenadines",NA,0.462930451198671,NA,4.24955652536609,NA,NA,NA,4.20843071301171,4.22021756553385,4.1965032718526
"413","VCT","Saint Vincent and the Grenadines",NA,0.462930451198671,NA,4.24955652536609,NA,NA,NA,4.20843071301171,4.22021756553385,4.1965032718526
"414","VEN","Venezuela (Bolivarian Republic of)",0.659298319393867,0.456770035259898,4.00217056819832,4.11518827262044,3.96600336879413,3.98508519467464,3.94655033196951,4.07902107321625,4.09810289909677,4.05956803639163
"415","VIR",NA,NA,NA,NA,NA,NA,NA,NA,NA,NA,NA
"416","VNM","Viet Nam",0.605181535366995,0.49050021908041,4.07955753166674,4.14238464458235,4.03156551072652,4.04693470936095,4.01595640789414,4.09439262364213,4.10976182227656,4.07878352080975
"417","VUT","Vanuatu",NA,0.499980204875923,NA,3.96935445958822,NA,NA,NA,3.92852599398475,3.93975553859539,3.91716891317305
"418","WeAf","Western Africa",NA,NA,NA,NA,NA,NA,NA,NA,NA,NA
"419","WeAs","Western Asia",NA,NA,NA,NA,NA,NA,NA,NA,NA,NA
"420","WeEu","Western Europe",NA,NA,NA,NA,NA,NA,NA,NA,NA,NA
"421","WLD","World",NA,NA,NA,NA,NA,NA,NA,NA,NA,NA
"422","WSM","Samoa",NA,0.464669243895559,NA,4.2227745871751,NA,NA,NA,4.19475772004963,4.20331507506949,4.18612650419685
"423","YEM","Yemen",0.617392564747138,0.503851886924174,3.7012335086081,3.7648869361321,3.64702616049014,3.67708038264538,3.616040619739,3.71067958801414,3.74073381016938,3.679694047263
"424","ZAF","South Africa",0.775414367572497,0.45139432596569,3.91887398445718,4.1176292864191,3.88063317306444,3.92012190189814,3.83952074713991,4.07938847502636,4.11887720386006,4.03827604910183
"425","ZMB","Zambia",0.738654360675486,0.510709915981566,3.63921787315569,3.7816106962872,3.60379520759981,3.66402936144292,3.53969903259681,3.74618803073132,3.80642218457443,3.68209185572831
"426","ZWE","Zimbabwe",0.691942408917317,0.524019878347306,3.61075545308091,3.7128491852585,3.57190338944945,3.62933135374678,3.51097543649473,3.67399712162704,3.73142508592437,3.61306916867232
"427","KSV",NA,NA,NA,NA,NA,NA,NA,NA,NA,NA,NA
