"","countrycode","country","protein.amb.g","protein.amb.cal","protein.co2.g","protein.co2.cal","protein.co2.g.SE","irrelevantcolumn","energy","protein.percent.decrease","protein.percent.decrease.SE","protein.calorie.ratio.difference","protein.calorie.ratio.SE"
"3722","ABW","",NA,NA,NA,NA,NA,NA,NA,NA,NA,NA,NA
"3723","AFG","Afghanistan",47.7221627408993,202.819191648822,43.9367538545214,186.731203881716,0.946149603972556,1,1868,-7.93218217483211,1.98262096608978,-0.861241315155596,0.215264230025876
"3724","AFRICA","Africa",54.8184165232358,232.978270223752,51.8151840713704,220.214532303324,0.705692501087922,2,2324,-5.47851003794038,1.28732740900825,-0.549214196231844,0.129053060655063
"3725","AGO","Angola",40.5560999510044,172.363424791769,37.9196022914825,161.1583097388,0.619414595567525,6,2041,-6.50086586902362,1.52730315862678,-0.549001227484974,0.12898148119363
"3726","AIA","",NA,NA,NA,NA,NA,NA,NA,NA,NA,NA,NA
"3727","ALA","",NA,NA,NA,NA,NA,NA,NA,NA,NA,NA,NA
"3728","ALB","Albania",59.3489965736662,252.233235438081,54.1554591500382,230.160701387662,0.877219479224411,3,2043,-8.75084285069859,1.4780696049942,-1.08039814245811,0.182485696852851
"3729","AND","",NA,NA,NA,NA,NA,NA,NA,NA,NA,NA,NA
"3730","ANR","",NA,NA,NA,NA,NA,NA,NA,NA,NA,NA,NA
"3731","ANT","",NA,NA,NA,NA,NA,NA,NA,NA,NA,NA,NA
"3732","ARB","",NA,NA,NA,NA,NA,NA,NA,NA,NA,NA,NA
"3733","ARE","United Arab Emirates",61.1302982731554,259.803767660911,56.9271852556072,241.94053733633,0.818873234957953,198,2548,-6.87566253769448,1.33955380243507,-0.701068694057302,0.136585998766535
"3734","ARG","Argentina",40.5,172.125,37.346263052675,158.721617973869,0.597466192590505,8,2100,-7.78700480820995,1.47522516689014,-0.638256286958636,0.120915777071888
"3735","ARM","Armenia",54.8257722007722,233.009531853282,49.37393971254,209.839243778295,0.789855902263946,9,2072,-9.94392284757527,1.44066534871865,-1.11825714647619,0.162011949064757
"3736","ASIA","Asia",57.5730735163862,244.685562444641,53.2547693416944,226.332769702201,0.522590079504848,10,2258,-7.50056217419548,0.907698768863035,-0.812789758301163,0.0983617288704873
"3737","ASM","",NA,NA,NA,NA,NA,NA,NA,NA,NA,NA,NA
"3738","ATA","",NA,NA,NA,NA,NA,NA,NA,NA,NA,NA,NA
"3739","ATF","",NA,NA,NA,NA,NA,NA,NA,NA,NA,NA,NA
"3740","ATG","Antigua and Barbuda",35.4996623902768,150.873565158677,32.7149479677835,139.03852886308,0.34707975764009,7,1481,-7.84434057957712,0.977698756186349,-0.799124665469061,0.0996008757576219
"3741","AUS","Australia",43.3815659068385,184.371655104063,39.9358506373958,169.727365208932,0.455294220719366,11,2018,-7.94280980276817,1.04951080303811,-0.725683344654683,0.0958870385558626
"3742","AUT","Austria",56.0214592274678,238.091201716738,51.3944242103648,218.42630289405,0.551811913329595,13,2330,-8.25939752535812,0.98500096380752,-0.843987073935094,0.100652387624497
"3743","AZE","Azerbaijan",67.7772887323943,288.053477112676,62.0259535962797,263.610302784189,1.20001082159614,14,2272,-8.48563765780401,1.77052054462396,-1.07584394051441,0.224473855272166
"3744","Americas","Americas",46.0829750644884,195.852644024076,42.9994486164885,182.747656620076,0.580110095694596,5,2326,-6.69124865242483,1.25883820409336,-0.563413044024047,0.105996040700861
"3745","Ashm","",NA,NA,NA,NA,NA,NA,NA,NA,NA,NA,NA
"3746","Australia and New Zealand","Australia & New Zealand",45.6498993963783,194.012072434608,42.0751844622601,178.819533964606,0.490106299719308,12,1988,-7.83071809880429,1.0736196710177,-0.764212196680188,0.104776246167357
"3747","BDI","Burundi",42.1045296167247,178.94425087108,39.4719934413121,167.755972125577,0.832703044303265,NA,1435,-6.25238234312657,1.977704184997,-0.779670992718015,0.246619368521873
"3748","BEL","Belgium",55.9798994974874,237.914572864322,51.2949624502232,218.003590413449,0.654528809897768,19,2388,-8.36896294798551,1.16922112360553,-0.833793234961185,0.116488586351152
"3749","BEN","Benin",48.0115511551155,204.049092409241,45.5064644036501,193.402473715513,0.617655393145242,21,2424,-5.21767510358492,1.28647248065309,-0.439216942810561,0.108293540464822
"3750","BFA","Burkina Faso",70.9058823529412,301.35,69.3423853423699,294.705137705072,0.998232515160429,29,2295,-2.20503145675386,1.40782750603346,-0.289536483439118,0.184857873177857
"3751","BGD","Bangladesh",44.111589831969,187.474256785868,40.7995676214449,173.398162391141,0.587402966211543,16,2321,-7.50828120940631,1.33162955234462,-0.606466798566457,0.107559784851317
"3752","BGR","Bulgaria",52.0230166503428,221.097820763957,48.0851184533715,204.361753426829,0.800533302043939,28,2042,-7.56953066262717,1.53880600086013,-0.819591936196287,0.166614423784855
"3753","BHR","",NA,NA,NA,NA,NA,NA,NA,NA,NA,NA,NA
"3754","BHS","Bahamas",32.5760940561724,138.448399738733,29.1533560055429,123.901763023557,0.229495169821874,15,1531,-10.5069013023095,0.704489523594034,-0.950139563368753,0.0637070197088807
"3755","BIH","Bosnia and Herzegovina",67.9428327645051,288.757039249147,62.5767504279271,265.95118931869,1.09062173754678,24,2344,-7.89793730734962,1.60520498361756,-0.972945816145757,0.19774498227704
"3756","BLM","",NA,NA,NA,NA,NA,NA,NA,NA,NA,NA,NA
"3757","BLR","Belarus",54.5672191528545,231.910681399632,49.8363138144817,211.804333711547,0.419021822022301,18,2172,-8.66986702239774,0.767900267830271,-0.925706615473507,0.0819909182133876
"3758","BLZ","Belize",49.0664100096246,208.532242540905,45.7321574712001,194.3616692526,0.615543166636076,20,2078,-6.79538718600063,1.25451029842072,-0.68193326700214,0.125893092310073
"3759","BMU","Bermuda",35.7066356228172,151.753201396973,32.5579081450544,138.371109616481,0.360216976881125,22,1718,-8.81832584571674,1.00882362787196,-0.778934329481483,0.0891107189606974
"3760","BOL","Bolivia (Plurinational State of)",40.3396880415945,171.443674176776,37.5723864015044,159.682642206394,0.479707150791489,23,1731,-6.85999762129226,1.18916921295192,-0.679435700195433,0.117779052042971
"3761","BRA","Brazil",52.7651515151515,224.251893939394,49.1319366934221,208.810730947044,0.609311218447749,26,2376,-6.88563325869758,1.15476067243507,-0.649880597321134,0.108988749091033
"3762","BRB","Barbados",44.0823798627002,187.350114416476,41.3108103405666,175.570943947408,0.476979932421085,17,2185,-6.28725021372722,1.0820194687916,-0.539092469980233,0.0927764170613094
"3763","BRN","Brunei Darussalam",39.9548872180451,169.808270676692,36.9005217543588,156.827217456025,0.398075760576233,27,2261,-7.64453531558684,0.996313062789593,-0.574128846557585,0.0748262707850062
"3764","BTN","",NA,NA,NA,NA,NA,NA,NA,NA,NA,NA,NA
"3765","BWA","Botswana",39.7701149425287,169.022988505747,37.949722910256,161.286322368588,0.55328949944445,25,1827,-4.57728632392264,1.39121926160888,-0.423462842756371,0.12870719062063
"3766","CAA","",NA,NA,NA,NA,NA,NA,NA,NA,NA,NA,NA
"3767","CAF","Central African Republic",36.8813559322034,156.745762711864,35.1914227277471,149.563546592925,0.534899704517704,36,1829,-4.582079920171,1.45032548559488,-0.392685408361902,0.124293261027897
"3768","CALACA","CALACA",43.4362903380228,184.604233936597,40.7951566148446,173.379415613089,0.863900164039104,NA,2194.94503364398,-6.08047718307629,1.98889029729795,-0.511394050942242,0.167274152240193
"3769","CAN","Canada",57.8601875532822,245.905797101449,54.0021036198368,229.508940384306,0.563344537854413,34,2346,-6.66794232198541,0.973630680570542,-0.69892824881258,0.102055169901162
"3770","CANAME","CANAME",64.5315561537468,274.259113653424,59.2823768553801,251.950101635365,0.969125594320753,NA,2681.02731562288,-8.13428283963973,1.50178556365789,-0.832106852774662,0.153627072423404
"3771","CEA","",NA,NA,NA,NA,NA,NA,NA,NA,NA,NA,NA
"3772","CEB","",NA,NA,NA,NA,NA,NA,NA,NA,NA,NA,NA
"3773","CEEAEU","CEEAEU",56.9574070267523,242.068979863697,52.2047562210437,221.870213939436,0.713694627807189,NA,2280.00144931958,-8.34421904683331,1.25303216045627,-0.885910223008395,0.133035098248983
"3774","CEU","",NA,NA,NA,NA,NA,NA,NA,NA,NA,NA,NA
"3775","CHE","Switzerland",43.9801512287335,186.915642722117,39.9771943484443,169.903075980888,0.546151494414416,185,2116,-9.10173514290662,1.24181358898466,-0.803996537865252,0.109694889001005
"3776","CHI","",NA,NA,NA,NA,NA,NA,NA,NA,NA,NA,NA
"3777","CHL","Chile",50.5535465924896,214.852573018081,47.0223700323801,199.845072637615,0.682346267994233,40,2157,-6.98502241311415,1.3497495506984,-0.695758014856995,0.134444674964093
"3778","CHN","China",72.9991201055873,310.246260448746,66.6513921634956,283.268416694856,0.538822645888507,41,2273,-8.69562254025836,0.738122110388651,-1.18688269924724,0.100747745051745
"3779","CHN","China",72.9991201055873,310.246260448746,66.6513921634956,283.268416694856,0.538822645888507,41,2278,-8.69562254025836,0.738122110388651,-1.18427760113652,0.100526613038901
"3780","CHN","China, mainland",71.6101843722564,304.343283582089,65.2704373718832,277.399358830503,0.53734982918541,44,2273,-8.85313598330769,0.750381854055934,-1.18539044221672,0.100472361374307
"3781","CHN","China, mainland",71.6101843722564,304.343283582089,65.2704373718832,277.399358830503,0.53734982918541,44,2278,-8.85313598330769,0.750381854055934,-1.18278861947261,0.100251833803248
"3782","CIV","CÃ´te d'Ivoire",41.2697601258356,175.396480534801,38.5738899925439,163.939032468312,0.419806067087415,NA,2543,-6.53231355130662,1.01722439337516,-0.450548488654728,0.0701602746803584
"3783","CIV","CÃ´te d'Ivoire",41.2697601258356,175.396480534801,38.5738899925439,163.939032468312,0.419806067087415,NA,NA,-6.53231355130662,1.01722439337516,NA,NA
"3784","CIV","Côte d'Ivoire",NA,NA,NA,NA,NA,30,2543,NA,NA,NA,NA
"3785","CIV","Côte d'Ivoire",NA,NA,NA,NA,NA,30,NA,NA,NA,NA,NA
"3786","CLA","",NA,NA,NA,NA,NA,NA,NA,NA,NA,NA,NA
"3787","CME","",NA,NA,NA,NA,NA,NA,NA,NA,NA,NA,NA
"3788","CMR","Cameroon",57.5057964791756,244.399635036496,54.7664699089225,232.757497112921,0.712571860142291,33,2329,-4.76356600198573,1.23913049426301,-0.499877111360056,0.130031361339834
"3789","COD","Democratic Republic of the Congo",24.9349431818182,105.973508522727,23.4673692977401,99.7363195153953,0.323252096105595,NA,1408,-5.88561150260902,1.29638192374668,-0.442982173816193,0.0975725432136917
"3790","COG","Congo",31.4014598540146,133.456204379562,28.8710148847343,122.701813260121,0.287256769268863,47,1918,-8.05836728943273,0.914787944905491,-0.560708608938538,0.0636517867253737
"3791","COK","",NA,NA,NA,NA,NA,NA,NA,NA,NA,NA,NA
"3792","COL","Colombia",31.2638548307994,132.871383030898,29.1411268422208,123.849789079439,0.434214172719913,46,2039,-6.78971931026046,1.38886959100178,-0.442451885799853,0.0905056514987557
"3793","COM","Comoros",36.7908366533865,156.361055776892,34.3426540884581,145.956279875947,0.441706742692772,NA,2259,-6.65432696731829,1.20058901311263,-0.460592116022369,0.0831010914760639
"3794","CPV","Cabo Verde",49.3401015228426,209.695431472081,45.9957173957554,195.48179893196,0.642122492229278,31,1970,-6.77822708884965,1.30142110050584,-0.721504189853847,0.138528964059616
"3795","CRI","Costa Rica",40.7728706624606,173.284700315457,37.8481160695353,160.854493295525,0.417934155618041,48,2219,-7.17328592616879,1.02502999869183,-0.560171564665728,0.0800459739241403
"3796","CSA","",NA,NA,NA,NA,NA,NA,NA,NA,NA,NA,NA
"3797","CSS","Caribbean",44.8438761776582,190.586473755047,41.634802848644,176.947912106737,0.480319989545014,35,2229,-7.1561015740494,1.07109382704146,-0.611869073499784,0.0915818732869586
"3798","CUB","Cuba",58.7875685557587,249.847166361974,55.0273015769962,233.866031702234,0.643851216351795,50,2735,-6.39636418232866,1.09521661155473,-0.584319365986853,0.100050006197263
"3799","CUW","",NA,NA,NA,NA,NA,NA,NA,NA,NA,NA,NA
"3800","CYM","",NA,NA,NA,NA,NA,NA,NA,NA,NA,NA,NA
"3801","CYN","",NA,NA,NA,NA,NA,NA,NA,NA,NA,NA,NA
"3802","CYP","Cyprus",35.9597090095131,152.828763290431,33.1890289243435,141.05337292846,0.438564459406439,51,1787,-7.70495691285128,1.21959957821243,-0.658947418129333,0.10430324300377
"3803","CZE","Czech Republic",48.1576492537313,204.670009328358,44.4822856773259,189.049714128635,0.573794506021912,52,2144,-7.63194141192569,1.19149193308569,-0.728558544763205,0.113741914673187
"3804","Central America","Central America",46.585152838428,197.986899563319,44.203449094639,187.864658652216,1.37784049409999,37,2290,-5.11258115230287,2.95768160057084,-0.442019253759957,0.255712755455238
"3805","Central Asia","Central Asia",51.0933589990375,217.146775745909,46.6308208332671,198.180988541385,0.842538583832947,38,2078,-8.7340864902902,1.6490177986709,-0.912694283182111,0.172319007761791
"3806","DEU","Germany",56.5481758652947,240.329747427502,52.0331172817682,221.140748447515,0.576950105256161,75,2138,-7.98444603108315,1.0202806658707,-0.897520999999413,0.11468839791107
"3807","DJI","Djibouti",51.6584201388889,219.548285590278,47.7752495363459,203.04481052947,0.964430259251248,55,2304,-7.51701386163711,1.86693719370101,-0.71629666062534,0.177900546953898
"3808","DMA","Dominica",45.3309734513274,192.656637168142,41.5210962432677,176.464659033888,0.462508158098065,56,2260,-8.40457841072046,1.0202916965696,-0.716459209480251,0.0869760916777335
"3809","DNK","Denmark",56.1086161879895,238.461618798956,51.2745407081119,217.916798009475,0.506972721549475,54,1915,-8.61556710591702,0.903555917064295,-1.07283659475093,0.112513528281215
"3810","DOM","Dominican Republic",35.3658536585366,150.30487804878,32.4707320398608,138.000611169408,0.34443557510028,57,2091,-8.18620595625571,0.973921281318032,-0.588439353389389,0.070007230711439
"3811","DZA","Algeria",66.8363116511794,284.054324517513,61.0872563570864,259.620839517617,1.11908271753735,4,2798,-8.60169442637335,1.67436336609638,-0.873248213005555,0.169982185472972
"3812","EAP","",NA,NA,NA,NA,NA,NA,NA,NA,NA,NA,NA
"3813","EAS","Eastern Asia",70.0641592920354,297.77267699115,63.9729929444169,271.885220013772,0.517511302322508,59,2260,-8.69369790370251,0.738624865482881,-1.14546269811409,0.097319603312861
"3814","ECA","",NA,NA,NA,NA,NA,NA,NA,NA,NA,NA,NA
"3815","ECS","",NA,NA,NA,NA,NA,NA,NA,NA,NA,NA,NA
"3816","ECU","Ecuador",30.9677419354839,131.612903225806,28.3586179593401,120.524126327195,0.264912298245331,61,1705,-8.42529617296427,0.855445963083882,-0.650368146546103,0.0660338573338802
"3817","EGY","Egypt",82.2150436953808,349.413935705368,76.1134485879226,323.482156498671,1.31389505365745,62,3204,-7.42150685957852,1.59811999678019,-0.809356404703405,0.174283832023851
"3818","EMU","",NA,NA,NA,NA,NA,NA,NA,NA,NA,NA,NA
"3819","ERI","Eritrea",45.5327653997379,193.514252948886,43.8414450301045,186.326141377944,0.582276945717495,NA,1526,-3.71451273557646,1.27880865703107,-0.471042697964742,0.162167563518962
"3820","ESEASP","ESEASP",45.6742442628533,194.115538117126,42.3899121734957,180.157126737357,0.48311928605071,NA,2306.61165191956,-7.19077489373737,1.05774992853824,-0.605147874292292,0.0890161533696754
"3821","ESH","",NA,NA,NA,NA,NA,NA,NA,NA,NA,NA,NA
"3822","ESP","Spain",48.4691415313225,205.993851508121,44.6766493187173,189.875759604549,0.569896188639033,179,2155,-7.82454999776363,1.17579179377614,-0.747939299469697,0.112392519801201
"3823","EST","Estonia",59.2043010752688,251.618279569892,54.4037172495821,231.215798310724,0.675351847921455,64,2046,-8.10850519049885,1.14071416376127,-0.997188722344511,0.140285696660126
"3824","ETH","Ethiopia",52.8753830439224,224.72037793667,50.4911474002126,214.587376450904,0.750455040907929,65,1958,-4.50916004093851,1.41929003196921,-0.51751795126488,0.16289243737787
"3825","EUU","",NA,NA,NA,NA,NA,NA,NA,NA,NA,NA,NA
"3826","EUU","",NA,NA,NA,NA,NA,NA,2203,NA,NA,NA,NA
"3827","EUU","European Union",58.6150703586019,249.114049024058,53.8110304948266,228.696879603013,0.653781951406265,67,NA,-8.19591247504209,1.11538201252081,NA,NA
"3828","EUU","European Union",58.6150703586019,249.114049024058,53.8110304948266,228.696879603013,0.653781951406265,67,2203,-8.19591247504209,1.11538201252081,-0.926789351840454,0.126126794983052
"3829","Eastern Africa","Eastern Africa",50.0283505154639,212.620489690722,47.6072357317198,202.330751859809,0.788324737725501,58,1940,-4.8394855293016,1.57575600555095,-0.530398857263535,0.172700006975947
"3830","Eastern Europe","Eastern Europe",57.55859375,244.6240234375,52.7902254637938,224.358458221124,0.730194767801436,60,2304,-8.28437245516648,1.26861120160955,-0.87958182362744,0.134693045275873
"3831","Europe","Europe",54.5811354492624,231.969825659365,49.9020296925268,212.083626193239,0.652955391610739,66,2237,-8.57275268867435,1.19630232357059,-0.88896734314378,0.124052767740082
"3832","FCS","",NA,NA,NA,NA,NA,NA,NA,NA,NA,NA,NA
"3833","FIN","Finland",61.0396869759642,259.418669647848,55.7367249824844,236.881081175559,0.580848424539534,69,1789,-8.68772802777968,0.951591420788669,-1.2597869464667,0.137988027070599
"3834","FJI","Fiji",49.326207781103,209.636383069688,46.0783837312675,195.833130857887,0.697570272738404,68,2339,-6.58437815501359,1.41419805843182,-0.59013476749898,0.126749622023866
"3835","FLK","",NA,NA,NA,NA,NA,NA,NA,NA,NA,NA,NA
"3836","FRA","France",58.6477431363425,249.252908329456,53.9909717085998,229.461629761549,0.675712402256268,70,2149,-7.94023977515506,1.152154142889,-0.920952934755995,0.133633211241933
"3837","FRO","",NA,NA,NA,NA,NA,NA,NA,NA,NA,NA,NA
"3838","FSM","Micronesia",40.6344827586207,172.696551724138,37.8204774432495,160.737029133811,0.382301970633374,123,2610,-6.92516583042798,0.940831394124903,-0.458219256334384,0.0622522365973886
"3839","FrePol","",NA,NA,NA,NA,NA,NA,NA,NA,NA,NA,NA
"3840","GAB","Gabon",47.7678571428571,203.013392857143,44.4828428353985,189.052082050444,0.444923905057056,72,2240,-6.87703929785732,0.931429483483931,-0.6232728038705,0.0844163659148433
"3841","GBR","United Kingdom",51.2510176390773,217.816824966079,47.4248420976016,201.555578914807,0.628275979542648,199,2211,-7.46556013467027,1.22588000879734,-0.73547019680109,0.120767657759215
"3842","GEO","Georgia",54.0470696815875,229.700046146747,49.8790340238203,211.985894601236,0.956037730273878,74,2167,-7.71186242348145,1.76889836193946,-0.817450463567626,0.187501631456575
"3843","GGY","",NA,NA,NA,NA,NA,NA,NA,NA,NA,NA,NA
"3844","GHA","Ghana",47.2125928546162,200.653519632119,44.3243369298831,188.378431952003,0.442889135788569,76,2827,-6.11755413143066,0.938074164137473,-0.434208973474202,0.0665822011709027
"3845","GIN","Guinea",45.1692559280458,191.969337694195,42.3164383463463,179.844862971972,0.428853408783949,80,2446,-6.3158392209162,0.949436513780764,-0.495685802216804,0.0745145947396477
"3846","GMB","Gambia",53.5725837504813,227.683480939546,51.2011955659549,217.605081155308,0.530953076201551,73,2597,-4.42649582773778,0.991091037674248,-0.388078543867432,0.0868906651465765
"3847","GNB","Guinea-Bissau",36.72,156.06,34.3564202117416,146.014785899902,0.361520508166682,81,2075,-6.43676412924402,0.984532974310136,-0.484106703619193,0.0740463691425735
"3848","GNQ","",NA,NA,NA,NA,NA,NA,NA,NA,NA,NA,NA
"3849","GRC","Greece",55.9689206215876,237.867912641747,50.8604025262858,216.156710736715,0.723215391050431,77,2381,-9.12741935804169,1.29217319722882,-0.911852242966506,0.129091365475192
"3850","GRD","Grenada",34.6987951807229,147.469879518072,31.8194747696265,135.232767770912,0.345167534281273,78,1743,-8.29804146253485,0.994753657824502,-0.702071815671819,0.0841630533961796
"3851","GRL","",NA,NA,NA,NA,NA,NA,NA,NA,NA,NA,NA
"3852","GTM","Guatemala",44.8657930411206,190.679620424763,42.5710048664317,180.926770682335,1.30005407171046,79,2213,-5.11478348902846,2.89765093535498,-0.440707173177945,0.249671477847693
"3853","GUF","",NA,NA,NA,NA,NA,NA,NA,NA,NA,NA,NA
"3854","GUM","",NA,NA,NA,NA,NA,NA,NA,NA,NA,NA,NA
"3855","GUY","Guyana",43.3929742388759,184.420140515222,40.2913918980642,171.238415566773,0.530061746443669,82,2135,-7.14766018051145,1.22153817695397,-0.617411004611235,0.105515804327194
"3856","Gaza","",NA,NA,NA,NA,NA,NA,NA,NA,NA,NA,NA
"3857","Guadeloupe","",NA,NA,NA,NA,NA,NA,NA,NA,NA,NA,NA
"3858","HIC","",NA,NA,NA,NA,NA,NA,NA,NA,NA,NA,NA
"3859","HIGHIN","HIGHIN",50.2750895196001,213.669130458301,46.471247448265,197.502801655126,0.517963370779465,NA,2288.5378478451,-7.56605728141403,1.03025847537782,-0.706404258002403,0.0961899899486272
"3860","HKG","China, Hong Kong SAR",49.4056399132321,209.973969631236,45.4295073702744,193.075406323666,0.304757647299482,42,1844,-8.0479324828921,0.61684788990631,-0.916407988479948,0.0702396963678307
"3861","HMD","",NA,NA,NA,NA,NA,NA,NA,NA,NA,NA,NA
"3862","HND","Honduras",44.7037207165824,189.990813045475,41.8105065318941,177.69465276055,1.16424749079787,84,2177,-6.47197624338939,2.60436373558053,-0.564821326822486,0.227287636007853
"3863","HPC","",NA,NA,NA,NA,NA,NA,NA,NA,NA,NA,NA
"3864","HRV","Croatia",45.8892699657031,195.029397354238,42.0776301449256,178.829928115934,0.598389202732129,49,2041,-8.30616792035753,1.30398501257343,-0.793702559446563,0.124603337168621
"3865","HTI","Haiti",33.9492250133618,144.284206306788,31.9995930622035,135.998270514365,0.544290663805773,83,1871,-5.74278779674955,1.60324915691462,-0.442861346468369,0.123636307919537
"3866","HUN","Hungary",50.6310679611651,215.182038834951,46.7870920338728,198.845141143959,0.625465164971257,85,1854,-7.59212886886099,1.23533867674093,-0.881170317744986,0.143377936954037
"3867","IDN","Indonesia",45.350099009901,192.737920792079,42.3491758754775,179.983997470779,0.568693431910302,88,2525,-6.61723612503763,1.25400703488242,-0.505105874110888,0.0957206766581696
"3868","IMN","",NA,NA,NA,NA,NA,NA,NA,NA,NA,NA,NA
"3869","IND","India",47.1797193300136,200.513807152558,43.8643282967777,186.423395261305,0.522600662473833,87,2209,-7.02715293841676,1.10768073633151,-0.637863824864294,0.100545623155898
"3870","INX","",NA,NA,NA,NA,NA,NA,NA,NA,NA,NA,NA
"3871","IOA","",NA,NA,NA,NA,NA,NA,NA,NA,NA,NA,NA
"3872","IOT","",NA,NA,NA,NA,NA,NA,NA,NA,NA,NA,NA
"3873","IRL","Ireland",54.7404547404548,232.646932646933,50.4696628294096,214.496067024991,0.683308361768229,91,2331,-7.80189337354723,1.24826942890419,-0.778672913854221,0.124584321643714
"3874","IRN","Iran (Islamic Republic of)",65.2322924600152,277.237242955065,59.5109486864392,252.921531917366,0.943462441861098,89,2626,-8.77072314618259,1.44631195115426,-0.925960054748601,0.152692893294351
"3875","IRQ","Iraq",47.8605851979346,203.407487091222,43.8364583757384,186.304948096888,0.895678339778324,90,2324,-8.40801842592155,1.87143206894381,-0.735909595281149,0.16379659828132
"3876","ISL","Iceland",51.1620178041543,217.438575667656,47.1724937131297,200.483098280801,0.544503725550728,86,1685,-7.79782397616989,1.06427335926245,-1.00625978557001,0.137337734931193
"3877","ISR","Israel",61.995597945708,263.481291269259,57.4276040631625,244.067317268441,0.837117776188992,92,2726,-7.36825522119467,1.35028583307171,-0.712178063126132,0.130511758943625
"3878","ITA","Italy",61.2899022801303,260.482084690554,55.9475546651549,237.777107326908,0.850278305959351,93,2456,-8.71652167196775,1.38730569690434,-0.924469762363418,0.147136921837428
"3879","JAM","Jamaica",43.8837209302326,186.505813953488,40.2945427961765,171.25180688375,0.486158096931889,94,2193,-8.17883729541136,1.10783244133923,-0.69557715776281,0.0942166854519164
"3880","JEY","",NA,NA,NA,NA,NA,NA,NA,NA,NA,NA,NA
"3881","JOR","Jordan",53.9656432748538,229.353983918129,49.8047597061784,211.670228751258,0.935108010736886,96,2736,-7.71024547503951,1.73278396029537,-0.646336080660467,0.145256178568412
"3882","JPN","Japan",45.9474727452924,195.276759167493,42.9611193547488,182.584757257682,0.365050348513179,95,2018,-6.49949434019642,0.794494945427833,-0.628939638741831,0.0768812676501988
"3883","KAS","",NA,NA,NA,NA,NA,NA,NA,NA,NA,NA,NA
"3884","KAZ","Kazakhstan",46.1377971858321,196.085638039786,41.9039450696077,178.091766545833,0.570763402493733,97,2061,-9.17653718744192,1.23708420710862,-0.873065089468887,0.117697450781095
"3885","KEN","Kenya",47.2391187533584,200.766254701773,44.6431273895615,189.733291405637,1.12866122075093,98,1861,-5.49542716355668,2.3892512191936,-0.592851332409279,0.257754443212866
"3886","KGZ","Kyrgyzstan",54.1319606925597,230.060832943379,49.6828336292488,211.152042924307,0.868786309401373,101,2137,-8.21903918939771,1.60494151382325,-0.884828732759529,0.172781554279637
"3887","KHM","Cambodia",50.9735498839907,216.637587006961,47.6003550125865,202.301508803493,0.593495177527582,32,2155,-6.6175396437587,1.1643198852705,-0.665247248420782,0.117046612737458
"3888","KIR","Kiribati",40.6344827586207,172.696551724138,37.797384708905,160.638885012846,0.382302325112007,99,2610,-6.9819962187504,0.940832266484064,-0.461979567482438,0.062252294319005
"3889","KNA","Saint Kitts and Nevis",34.3156640857653,145.841572364503,31.8297240414674,135.276327176236,0.344652948103441,158,1679,-7.24433028043653,1.00436042048333,-0.629258200611459,0.0872409189660289
"3890","KOR","Republic of Korea",61.1639406618486,259.946747812857,56.2388424256052,239.015080308822,0.445302887302311,153,2629,-8.05229058649497,0.728048066366776,-0.796183625105913,0.0719869635235764
"3891","KOS","",NA,NA,NA,NA,NA,NA,NA,NA,NA,NA,NA
"3892","KWT","Kuwait",55.3107960741549,235.070883315158,50.7216929001534,215.567194825652,0.662299356241138,100,2751,-8.29693929526689,1.19741425408739,-0.708967229716698,0.10231814845601
"3893","LAC","",NA,NA,NA,NA,NA,NA,NA,NA,NA,NA,NA
"3894","LAO","Lao People's Democratic Republic",54.5092901381611,231.664483087184,49.9961353578428,212.483575270832,0.628903088847092,103,2099,-8.27960659344313,1.15375395139627,-0.913811711117309,0.127338643525495
"3895","LBN","Lebanon",51.5848333971658,219.235541937955,47.3828007906033,201.376903360064,0.697301759741633,106,2611,-8.14586832957255,1.35175731667662,-0.683976965832656,0.113501818418305
"3896","LBR","Liberia",31.5722379603399,134.182011331445,29.2978352217815,124.515799692571,0.34389504858724,108,2118,-7.20380589242827,1.08923241050961,-0.456383930069564,0.0690063246692998
"3897","LBY","Libya",51.1075347476225,217.207022677396,46.5685044987175,197.916144119549,0.851143103903709,109,2734,-8.88133280409535,1.66539651757181,-0.705591754127519,0.132310102106465
"3898","LCA","Saint Lucia",42.6908267270668,181.436013590034,39.5639951848911,168.146979535787,0.501035020417874,159,1766,-7.32436399549334,1.17363625591305,-0.752493434555312,0.120577510576216
"3899","LCN","",NA,NA,NA,NA,NA,NA,NA,NA,NA,NA,NA
"3900","LCR","",NA,NA,NA,NA,NA,NA,NA,NA,NA,NA,NA
"3901","LDC","Least Developed Countries",47.9885332059245,203.951266125179,45.5499310772369,193.587207078257,0.517058132610414,105,2093,-5.08163506107442,1.07746183945997,-0.495177211988639,0.104992692957203
"3902","LIC","",NA,NA,NA,NA,NA,NA,NA,NA,NA,NA,NA
"3903","LIE","",NA,NA,NA,NA,NA,NA,NA,NA,NA,NA,NA
"3904","LIFDC","Low Income Food Deficit Countries",47.6740576496674,202.614745011086,44.8701163010518,190.69799427947,0.491511304503024,111,2255,-5.88148248093402,1.03098273722554,-0.528459012488523,0.0926351682544502
"3905","LKA","Sri Lanka",44.755864465682,190.212423979149,41.5264271449022,176.487315365834,0.477644328822399,180,2302,-7.21567410066696,1.06722176976081,-0.596225395886807,0.0881836836444482
"3906","LLDC","Land Locked Developing Countries",52.421052631579,222.78947368421,49.6983359248201,211.217927680485,0.639784009159242,102,2052,-5.19393749281309,1.22047150341623,-0.56391549725756,0.132508871292728
"3907","LMC","",NA,NA,NA,NA,NA,NA,NA,NA,NA,NA,NA
"3908","LMY","",NA,NA,NA,NA,NA,NA,NA,NA,NA,NA,NA
"3909","LSO","Lesotho",65.9883040935673,280.450292397661,62.5748898421479,265.943281829129,2.25639026414099,107,2394,-5.17275644268621,3.41937907805839,-0.605973707958743,0.400570535614001
"3910","LTU","Lithuania",65.3695550351288,277.820608899297,59.9340965637777,254.719910396055,0.76296084468241,110,2135,-8.31496935910025,1.16715012710795,-1.08199992989425,0.151877451517576
"3911","LUX","Luxembourg",61.9586575875487,263.324294747082,56.0696782137967,238.296132408636,0.533612976855888,112,2056,-9.50469168159548,0.861240378072884,-1.21732307093607,0.110304238892876
"3912","LVA","Latvia",49.8695652173913,211.945652173913,45.512181722084,193.426772318857,0.47590224777815,104,2139,-8.73756062703296,0.954293958055576,-0.865772784247594,0.094557482611367
"3913","LeDeR","",NA,NA,NA,NA,NA,NA,NA,NA,NA,NA,NA
"3914","LeDeREC","",NA,NA,NA,NA,NA,NA,NA,NA,NA,NA,NA
"3915","LeDeRELDR","",NA,NA,NA,NA,NA,NA,NA,NA,NA,NA,NA
"3916","MAC","China, Macao SAR",40.8091954022988,173.43908045977,37.84514943417,160.841885095222,0.308617355919759,43,1740,-7.26318159157308,0.756244647505042,-0.723976745088946,0.0753806760148836
"3917","MAF","",NA,NA,NA,NA,NA,NA,NA,NA,NA,NA,NA
"3918","MAFR","Middle Africa",49.9570815450644,212.317596566524,47.6796949795718,202.63870366318,0.521334270738101,124,2097,-4.55868616632096,1.04356430482799,-0.46155903210984,0.105659067746158
"3919","MAR","Morocco",73.9665215935721,314.357716772682,67.8469117423024,288.349374904785,1.17920423144521,127,2987,-8.27348605751054,1.59424048345094,-0.870717839568005,0.167780983717514
"3920","MCA","",NA,NA,NA,NA,NA,NA,NA,NA,NA,NA,NA
"3921","MCO","",NA,NA,NA,NA,NA,NA,NA,NA,NA,NA,NA
"3922","MDA","Republic of Moldova",44.5096296296296,189.165925925926,41.4080937473825,175.984398426376,0.993153223733837,154,2025,-6.96823565609378,2.23132214758468,-0.650939629607422,0.208439565475003
"3923","MDG","Madagascar",38.1363872982821,162.079646017699,35.4789494060197,150.785534975584,0.493585968241349,113,1921,-6.96824759901193,1.29426514467872,-0.587928737226204,0.109200435451626
"3924","MDV","Maldives",37.7449947312961,160.416227608008,34.5267229661773,146.738572606253,0.386262079745187,116,1898,-8.52635372724112,1.02334649268058,-0.720635142347471,0.0864917723349339
"3925","MEA","",NA,NA,NA,NA,NA,NA,NA,NA,NA,NA,NA
"3926","MEX","Mexico",48.4927412467976,206.09415029889,45.9288374662133,195.197559231407,1.48623413311142,122,2342,-5.28719085509234,3.06485897661966,-0.46526861944847,0.269705169330638
"3927","MHL","",NA,NA,NA,NA,NA,NA,NA,NA,NA,NA,NA
"3928","MIC","",NA,NA,NA,NA,NA,NA,NA,NA,NA,NA,NA
"3929","MKD","The former Yugoslav Republic of Macedonia",57.0624725032996,242.515508139023,52.541500102981,223.301375437669,0.670698903134706,189,2273,-7.92284701658723,1.17537651929808,-0.845320400411526,0.125405646208645
"3930","MLI","Mali",58.2863070539419,247.716804979253,56.2908124398328,239.235952869289,0.71077592677065,117,2410,-3.42360790204528,1.21945609989127,-0.351902577176921,0.125344302438808
"3931","MLT","Malta",61.7054794520548,262.248287671233,56.6383943380445,240.713175936689,0.779131387086039,118,2336,-8.2117263474914,1.26266158857322,-0.921879783156834,0.141751215544335
"3932","MMR","Myanmar",56.258313253012,239.097831325301,52.2197313741931,221.933858340321,0.569001793004781,129,2075,-7.17864017830768,1.01140926576628,-0.827179420962915,0.116542535916642
"3933","MNA","",NA,NA,NA,NA,NA,NA,NA,NA,NA,NA,NA
"3934","MNE","Montenegro",60.8189910979228,258.480712166172,55.4503316000771,235.663909300328,0.826463936045417,126,2359,-8.82727483789039,1.358891229739,-0.967223521231215,0.14889663960123
"3935","MNG","Mongolia",40.1266066838046,170.53807840617,36.7979847459637,156.391435170346,0.610917967404738,125,1556,-8.29529883767725,1.52247602748654,-0.90916730307353,0.166863840711448
"3936","MNP","",NA,NA,NA,NA,NA,NA,NA,NA,NA,NA,NA
"3937","MOZ","Mozambique",39.5906976744186,168.260465116279,37.7255944135301,160.333776257503,0.778912194392301,128,2150,-4.71096335868224,1.96741214514033,-0.368683202733777,0.153971015170571
"3938","MRT","Mauritania",49.6542994325622,211.030772588389,46.6337027273004,198.193236591027,0.697434316774043,119,2291,-6.08325309143517,1.40457991502078,-0.560346398837308,0.129380002020501
"3939","MSR","",NA,NA,NA,NA,NA,NA,NA,NA,NA,NA,NA
"3940","MUS","Mauritius",53.0194290245837,225.332573354481,49.1083954635402,208.710680720046,0.708009137332966,120,2522,-7.37660445047421,1.335376767269,-0.659075838002964,0.119311611168323
"3941","MWI","Malawi",62.7913279132791,266.863143631436,59.919861230775,254.659410230794,1.79711357221937,114,2214,-4.57303066829526,2.86204103646503,-0.55120747067039,0.344974375877702
"3942","MYS","Malaysia",40.9169926119079,173.897218600608,37.5524033548149,159.597714257963,0.384027232204104,115,2301,-8.22296322949653,0.938551950400046,-0.621447385599534,0.0709307143358297
"3943","Martinique","",NA,NA,NA,NA,NA,NA,NA,NA,NA,NA,NA
"3944","Mayotte","",NA,NA,NA,NA,NA,NA,NA,NA,NA,NA,NA
"3945","Melanesia","Melanesia",43.7662801070473,186.006690454951,40.9258580816633,173.934896847069,0.453359655804429,121,2242,-6.48997817140638,1.03586517907294,-0.538438608736921,0.0859401666890643
"3946","Micronesia","",NA,NA,NA,NA,NA,NA,NA,NA,NA,NA,NA
"3947","MoDeR","",NA,NA,NA,NA,NA,NA,NA,NA,NA,NA,NA
"3948","NAC","Northern America",48.0337672904801,204.14351098454,44.5290868246992,189.248619004972,0.513544121373053,140,2458,-7.29628480853191,1.06913146800966,-0.605976077281066,0.0887942439314676
"3949","NAFR","Northern Africa",69.4536602957086,295.178056256762,64.5081845843236,274.159784483375,0.985240190068973,139,2773,-7.12054006992431,1.41855761938849,-0.757961477583349,0.151001471611725
"3950","NAM","Namibia",43.5940959409594,185.274907749077,41.2885856237899,175.476488901107,0.62416073420556,130,1626,-5.28858384927148,1.43175519696721,-0.60260878523803,0.163141643319411
"3951","NCL","New Caledonia",39.3090221501891,167.063344138304,36.3144053135736,154.336222582688,0.440636227458978,134,1851,-7.61814126328006,1.12095443579193,-0.687580851194795,0.101172553576481
"3952","NER","Niger",68.1761680240034,289.748714102015,66.9548999142002,284.558324635351,1.11511665897361,137,2333,-1.79134167437105,1.63563997697994,-0.222477045292054,0.203139554249373
"3953","NEUR","Northern Europe",53.64095371669,227.974053295933,49.3911497023572,209.912386235018,0.603577101771663,141,2139,-7.92268541081245,1.1252169470355,-0.844397712057725,0.119925324101429
"3954","NFK","",NA,NA,NA,NA,NA,NA,NA,NA,NA,NA,NA
"3955","NGA","Nigeria",50.9423076923077,216.504807692308,48.8852681767292,207.762389751099,0.566181833360882,138,2496,-4.03797866402716,1.11141771743171,-0.350257129054823,0.0964051599272336
"3956","NIC","Nicaragua",46.5249094202899,197.730865036232,44.0920096359726,187.391040952884,1.09757448738189,136,2208,-5.22924131316251,2.35911149759968,-0.468289134209614,0.211263205225228
"3957","NIU","",NA,NA,NA,NA,NA,NA,NA,NA,NA,NA,NA
"3958","NLD","Netherlands",41.1117917304747,174.725114854518,37.6942102686197,160.200393641634,0.479095083529268,133,1959,-8.31289836322475,1.16534712636747,-0.741435488151289,0.103938443338407
"3959","NOC","",NA,NA,NA,NA,NA,NA,NA,NA,NA,NA,NA
"3960","NOR","Norway",52.0799054373522,221.339598108747,47.7787372591343,203.059633351321,0.648205342163555,142,2115,-8.25878645918806,1.24463617343409,-0.86430093415728,0.130254028567145
"3961","NPL","Nepal",53.9137055837564,229.133248730965,50.019191422767,212.58156354676,0.692822436365713,131,2364,-7.22360690815281,1.28505809211981,-0.700155887656723,0.124555641055596
"3962","NRU","",NA,NA,NA,NA,NA,NA,NA,NA,NA,NA,NA
"3963","NZL","New Zealand",54.9891422366993,233.703854505972,50.640210581396,215.220894970933,0.513231880001963,135,1842,-7.90870975325159,0.933333125642824,-1.00341799864487,0.11841669326864
"3964","NeFoIC","Net Food Importing Developing Countries",50.7229853479853,215.572687728938,47.7802068982015,203.065879317356,0.602499243173118,132,2184,-5.80166650206972,1.18782291507424,-0.572656062801338,0.117244587155941
"3965","OEC","",NA,NA,NA,NA,NA,NA,NA,NA,NA,NA,NA
"3966","OED","",NA,NA,NA,NA,NA,NA,NA,NA,NA,NA,NA
"3967","OMN","",NA,NA,NA,NA,NA,NA,NA,NA,NA,NA,NA
"3968","OSS","",NA,NA,NA,NA,NA,NA,NA,NA,NA,NA,NA
"3969","Oceania","Oceania",43.6256231306082,185.408898305085,40.2405286959699,171.022246957872,0.489567140152567,144,2006,-7.75941795605734,1.12220091088873,-0.71718102428778,0.103721851727239
"3970","PAK","Pakistan",39.6359810625986,168.452919516044,36.9896184932169,157.205878596172,0.658640462552784,145,1901,-6.67666725645636,1.661723628116,-0.591638133607178,0.147249971901596
"3971","PAN","Panama",38.152628892292,162.148672792241,35.4769901083338,150.777207960418,0.389793963082333,146,1959,-7.01298668438227,1.021669998633,-0.580472936795429,0.0845647954619661
"3972","PCN","",NA,NA,NA,NA,NA,NA,NA,NA,NA,NA,NA
"3973","PER","Peru",49.2224669603524,209.195484581498,45.9414786115939,195.251284099274,0.489614719670936,148,2270,-6.66563167466047,0.994697645010986,-0.614281959569329,0.0916679541234132
"3974","PHL","Philippines",36.6716072255674,155.854330708661,33.6239916429004,142.901964482327,0.431746503105969,149,2159,-8.31055907618403,1.17733182636445,-0.599924327296641,0.0849894691153482
"3975","PLW","",NA,NA,NA,NA,NA,NA,NA,NA,NA,NA,NA
"3976","PNG","",NA,NA,NA,NA,NA,NA,NA,NA,NA,NA,NA
"3977","POL","Poland",65.3521126760564,277.746478873239,59.6277056061778,253.417748826256,0.73735859896212,150,2343,-8.75932978365037,1.12828578720497,-1.03835808992676,0.133750492769484
"3978","POLYN","Polynesia",39.9213081246806,169.665559529893,37.1552461787889,157.909796259853,0.327968828704303,151,1957,-6.92878584352206,0.821538281461128,-0.600703284110356,0.0712247073067597
"3979","PRI","",NA,NA,NA,NA,NA,NA,NA,NA,NA,NA,NA
"3980","PRK","Democratic People's Republic of Korea",49.7673448095983,211.511215440793,46.3909102381576,197.16136851217,0.692644975187266,53,1917,-6.7844378364134,1.3917659819651,-0.748557481931299,0.153559788447881
"3981","PRT","Portugal",59.1132075471698,251.231132075472,53.9234103373922,229.174493933917,0.570741048856767,152,2173,-8.77942075066108,0.965505125739185,-1.015031667812,0.11162675828998
"3982","PRY","Paraguay",42.1978557504873,179.340886939571,39.938147961387,169.737128835895,1.03035323020988,147,2052,-5.35502989171252,2.44171939991993,-0.468019400763955,0.213401619317348
"3983","PSE","Occupied Palestinian Territory",42.441209406495,180.375139977604,39.1099185568531,166.217153866626,0.662907837381117,143,1786,-7.84918925786329,1.56194379625683,-0.79272038695285,0.157746825804577
"3984","PSS","",NA,NA,NA,NA,NA,NA,NA,NA,NA,NA,NA
"3985","PYF","French Polynesia",39.3651474530831,167.301876675603,36.634063565891,155.694770155037,0.366453238461533,71,1865,-6.93782206823205,0.930907826265064,-0.622364960888278,0.0835081106413682
"3986","QAT","",NA,NA,NA,NA,NA,NA,NA,NA,NA,NA,NA
"3987","ROU","Romania",62.37805907173,265.106751054852,57.0714265617423,242.553562887405,0.89307591715454,155,2370,-8.50721004942687,1.43171482159708,-0.951611315082169,0.160150744637418
"3988","RUS","Russian Federation",56.8972081218274,241.813134517767,52.1223438247739,221.519961255289,0.77751329650037,156,2364,-8.3920889173149,1.36652275597701,-0.858425264910205,0.139781366756623
"3989","RWA","Rwanda",49.021728145528,208.342344618494,46.3582886843293,197.0227269084,0.788836284281218,157,1979,-5.43318149309612,1.60915641721043,-0.571986746341312,0.169406478433308
"3990","SAS","",NA,NA,NA,NA,NA,NA,NA,NA,NA,NA,NA
"3991","SAU","Saudi Arabia",52.7476780185759,224.177631578947,48.47950540818,206.037897984765,0.682750208618115,163,2584,-8.09167866857152,1.29437016806252,-0.702002074078272,0.112294442206927
"3992","SCE","",NA,NA,NA,NA,NA,NA,NA,NA,NA,NA,NA
"3993","SDN","Sudan (former)",44.2152466367713,187.914798206278,42.9518660158125,182.545430567203,0.54056533898639,181,1784,-2.85734156667162,1.22257678087186,-0.300973522369678,0.128778177729381
"3994","SEN","Senegal",44.3656683057667,188.554090299508,41.9493343773233,178.284671103624,0.473953868379646,164,2237,-5.44640489080439,1.06828970796331,-0.459071041389547,0.090044878883035
"3995","SGP","",NA,NA,NA,NA,NA,NA,NA,NA,NA,NA,NA
"3996","SGS","",NA,NA,NA,NA,NA,NA,NA,NA,NA,NA,NA
"3997","SHN","",NA,NA,NA,NA,NA,NA,NA,NA,NA,NA,NA
"3998","SLB","Solomon Islands",42.5661138502914,180.905983863738,39.7527677642259,168.94926299796,0.380723165134082,171,2231,-6.6093562028243,0.89442782226519,-0.535935493759672,0.0725268243756096
"3999","SLE","Sierra Leone",39.6034482758621,168.314655172414,37.2040869341291,158.117369470049,0.418484580107026,167,2146,-6.05846573010507,1.05668722882923,-0.475176407379552,0.082877887486247
"4000","SLV","El Salvador",47.4234449760766,201.549641148325,45.2092835393528,192.139455042249,1.14738018327604,63,2090,-4.66891732104386,2.41943659692976,-0.450248139046694,0.233318936790583
"4001","SMR","",NA,NA,NA,NA,NA,NA,NA,NA,NA,NA,NA
"4002","SOASIA","SOASIA",43.0275297845244,182.867001584229,39.9394657464793,169.742729422537,0.519992584933408,NA,2097.77385806498,-7.17694939381738,1.20851135897751,-0.625628549580523,0.105348270857255
"4003","SOL","",NA,NA,NA,NA,NA,NA,NA,NA,NA,NA,NA
"4004","SOM","Somalia",21.4653979238754,91.2279411764706,20.5372725292528,87.2834082493243,0.29283834131741,172,1156,-4.32382105337231,1.36423439414413,-0.341222571552452,0.107661154896106
"4005","SOTRLA","SOTRLA",50.4760955673857,214.523406161389,46.9625996527312,199.591048524107,0.563692178058744,NA,2307.5068207211,-6.96071254157138,1.11675075443625,-0.647120845025954,0.103821654403648
"4006","SPM","",NA,NA,NA,NA,NA,NA,NA,NA,NA,NA,NA
"4007","SRB","Serbia",53.7448165869219,228.415470494418,49.71981133413,211.309198170053,0.739191966311222,165,1881,-7.48910408184608,1.37537350251391,-0.909424365994968,0.167015728698708
"4008","SRB","Serbia",53.7448165869219,228.415470494418,49.71981133413,211.309198170053,0.739191966311222,165,1712,-7.48910408184608,1.37537350251391,-0.999198149787695,0.183502678552727
"4009","SRB","Serbia and Montenegro",35.2429906542056,149.782710280374,32.2921275393058,137.24154204205,0.421743417435341,166,1881,-8.37290780414427,1.19667318126708,-0.666728773967265,0.0952902458320149
"4010","SRB","Serbia and Montenegro",35.2429906542056,149.782710280374,32.2921275393058,137.24154204205,0.421743417435341,166,1712,-8.37290780414427,1.19667318126708,-0.732544873733894,0.104696817996507
"4011","SSA","",NA,NA,NA,NA,NA,NA,NA,NA,NA,NA,NA
"4012","SSD","",NA,NA,NA,NA,NA,NA,NA,NA,NA,NA,NA
"4013","SSF","",NA,NA,NA,NA,NA,NA,NA,NA,NA,NA,NA
"4014","SST","Small Island Developing States",46.0912788070493,195.887934929959,42.8585299018937,182.148752083048,0.447810013987562,170,2213,-7.01379737951886,0.971572118582818,-0.620839712919613,0.0860005675303723
"4015","STP","Sao Tome and Principe",45.5115321252059,193.424011532125,42.0342523556621,178.645572511564,0.468243814893441,162,2428,-7.64043662599084,1.0288465209329,-0.608667175476164,0.0819619527717103
"4016","SUR","Suriname",36.1298932384342,153.552046263345,33.2147692463378,141.162769296936,0.39683826280302,182,2248,-8.0684544868661,1.09836544543362,-0.551124420213953,0.0750250274427418
"4017","SUSAAF","SUSAAF",49.2550900235668,209.334132600159,47.0236603737994,199.850556588647,0.65796151788451,NA,2167.28892445723,-4.53035340855069,1.33582441443047,-0.437577837661232,0.129024627009963
"4018","SVK","Slovakia",42.7852450732693,181.837291561395,39.1328942537993,166.314800578647,0.661396091026636,168,1979,-8.536472826591,1.5458508883004,-0.784360332629987,0.142038069068378
"4019","SVN","Slovenia",52.7426955702168,224.156456173421,48.806031561805,207.425634137671,0.672030405765554,169,2122,-7.4639037042975,1.27416772787215,-0.788445901778975,0.134596099175476
"4020","SWE","Sweden",44.8605996843766,190.657548658601,41.0514143784163,174.468511108269,0.475945112755603,184,1901,-8.49116002184649,1.06094237728471,-0.851606394020601,0.106405403956408
"4021","SWZ","Swaziland",43.0331125827815,182.890728476821,40.4896408080031,172.080973434013,1.03909947053012,183,1963,-5.91049919962354,2.4146509702993,-0.550675244157318,0.224970593466786
"4022","SXM","",NA,NA,NA,NA,NA,NA,NA,NA,NA,NA,NA
"4023","SYC","Seychelles",48.3095114345114,205.315423596674,45.0673448388957,191.536215565307,0.555261236637256,NA,1924,-6.71123863467508,1.14938284439074,-0.716175053605343,0.1226538594443
"4024","SYR","Syrian Arab Republic",55.6844121026427,236.658751436231,51.4976048812158,218.864820745167,0.939362322830903,186,2611,-7.5188137278155,1.68693946359599,-0.681498685984838,0.152902714363513
"4025","SouAfr","Southern Africa",52.1585677749361,221.673913043478,49.1210912706956,208.764637900456,1.28926816796421,176,2346,-5.82354277315881,2.47182432908702,-0.550267482652253,0.233563073906561
"4026","SouAm","South America",45.8586858685869,194.899414941494,42.7346317419661,181.622184903356,0.517352328588449,175,2222,-6.81234986884082,1.12814468794631,-0.59753510522675,0.0989535281953604
"4027","SouAs","Southern Asia",49.4950090744102,210.353788566243,45.9632695440049,195.343895562021,0.542356821984883,177,2204,-7.13554678835524,1.09578083149659,-0.68102962814075,0.104583325473492
"4028","SouCeAs","",NA,NA,NA,NA,NA,NA,NA,NA,NA,NA,NA
"4029","SouEAs","South-Eastern Asia",44.1039130434783,187.441630434783,40.8878713360007,173.773453178003,0.499682572921603,173,2300,-7.29196455721989,1.13296652936216,-0.594268576381715,0.0923326493442092
"4030","SouEur","Southern Europe",54.0685413005273,229.791300527241,49.448944522101,210.158014218929,0.684003173693798,178,2276,-8.54396413757364,1.26506681564041,-0.862622421279063,0.127724669956003
"4031","StKiN","",NA,NA,NA,NA,NA,NA,NA,NA,NA,NA,NA
"4032","TCA","",NA,NA,NA,NA,NA,NA,NA,NA,NA,NA,NA
"4033","TCD","Chad",54.1835147744946,230.279937791602,53.3522328882574,226.746989775094,0.471554153334535,39,1929,-1.53419705180972,0.870290816860236,-0.183149197330638,0.103893475980911
"4034","TGO","Togo",48.8525243578388,207.623228520815,46.7123773012739,198.527603530414,0.944264022407204,191,2258,-4.38083207510124,1.93288685655338,-0.402817758653702,0.177729056476112
"4035","THA","Thailand",38.4202898550725,163.286231884058,35.454060096547,150.679755410325,0.368151930612347,188,2277,-7.72047730434761,0.958222678696792,-0.553644113910105,0.068715226398879
"4036","TJK","Tajikistan",43.0327004219409,182.888976793249,39.3967543329896,167.436205915206,0.755917720751304,187,1896,-8.44926312618185,1.75661232815844,-0.815019561078235,0.169443581919464
"4037","TKM","Turkmenistan",61.4958563535911,261.357389502762,56.3282439947527,239.395036977699,1.11778692258564,195,2172,-8.40318789793822,1.81766217899064,-1.01115803522392,0.21871981680428
"4038","TLS","Timor-Leste",42.4426318651441,180.381185426862,40.1580147792195,170.671562811683,0.929237351974526,190,1839,-5.38283557245864,2.18939615933115,-0.527983828992917,0.214750339635222
"4039","TON","",NA,NA,NA,NA,NA,NA,NA,NA,NA,NA,NA
"4040","TTO","Trinidad and Tobago",44.4961900493052,189.108807709547,41.3274267048113,175.641563495448,0.554376012286936,192,2231,-7.12142621870041,1.24589546132522,-0.603641605293567,0.105607263658426
"4041","TUN","Tunisia",73.050559891415,310.464879538514,66.9753809031515,284.645368838394,1.26865510459292,193,2947,-8.31640304645695,1.73668087757122,-0.876128629118415,0.182958404971833
"4042","TUR","Turkey",74.2939462609258,315.749271608935,68.2540281567172,290.079619666048,1.1438813154464,194,3089,-8.12975808687836,1.53966961376504,-0.831002005273125,0.157380886715675
"4043","TUV","",NA,NA,NA,NA,NA,NA,NA,NA,NA,NA,NA
"4044","TWN","China, Taiwan Province of",52.992547741034,225.218327899394,49.6565892358491,211.040504252359,0.38425407269768,45,2147,-6.29514648264731,0.725109641030031,-0.660355083699853,0.0760633353034531
"4045","TZA","United Republic of Tanzania",48.385363357216,205.637794268168,46.080457219904,195.841943184592,0.806232764585982,200,1954,-4.76364333630281,1.66627407266488,-0.501322982782788,0.17535768932909
"4046","UGA","Uganda",42.6656519533232,181.329020801623,40.4821340768968,172.049069826811,0.573401082962198,196,1971,-5.11774173476875,1.34394075025387,-0.470824504049328,0.123640517635177
"4047","UKR","Ukraine",54.9436741767764,233.5106152513,50.346952242123,213.974547029023,0.668416579608188,197,2308,-8.36624416464015,1.21654874673582,-0.846450096285838,0.123083642258873
"4048","UMC","",NA,NA,NA,NA,NA,NA,NA,NA,NA,NA,NA
"4049","URY","Uruguay",46.4940047961631,197.599520383693,43.1822349777028,183.524498655237,0.613649205937987,202,2085,-7.12300399369682,1.31984587825532,-0.675060994170559,0.125084370514937
"4050","USA","United States of America",44.0598221503638,187.254244139046,40.863137141089,173.668332849628,0.50853521778369,201,2474,-7.25532889888969,1.15419262485491,-0.549147586476054,0.0873595260946112
"4051","UZB","Uzbekistan",59.2495274102079,251.810491493384,53.8579295238248,228.896200476255,1.01902278011188,203,2116,-9.09981585009955,1.71988338920711,-1.08290600269983,0.204671399597141
"4052","VAT","",NA,NA,NA,NA,NA,NA,NA,NA,NA,NA,NA
"4053","VCT","Saint Vincent and the Grenadines",47.9502991256328,203.788771283939,43.9846246229992,186.934654647747,0.452832578529633,160,2173,-8.27038532594601,0.9443790482791,-0.775615123616778,0.0885659668086028
"4054","VCT","Saint Vincent and the Grenadines",47.9502991256328,203.788771283939,43.9846246229992,186.934654647747,0.452832578529633,160,NA,-8.27038532594601,0.9443790482791,NA,NA
"4055","VCT","",NA,NA,NA,NA,NA,NA,2173,NA,NA,NA,NA
"4056","VCT","",NA,NA,NA,NA,NA,NA,NA,NA,NA,NA,NA
"4057","VEN","Venezuela (Bolivarian Republic of)",42.0256058527663,178.608824874257,39.1253267429642,166.282638657598,0.644637713446357,205,2187,-6.90121903289884,1.53391652628352,-0.563611623989904,0.125272532334111
"4058","VGB","",NA,NA,NA,NA,NA,NA,NA,NA,NA,NA,NA
"4059","VIR","",NA,NA,NA,NA,NA,NA,NA,NA,NA,NA,NA
"4060","VNM","Viet Nam",57.296511627907,243.510174418605,53.0604389977796,225.506865740563,0.534752082464836,206,2064,-7.39324700539728,0.933306526473382,-0.872253327424477,0.110111257290482
"4061","VUT","Vanuatu",44.055389859395,187.235406902429,41.2725120549628,175.408176233592,0.331868851986686,204,2347,-6.31677035049253,0.753299092451258,-0.503929725983668,0.0600955526605631
"4062","WLD","World",54.020202020202,229.585858585859,50.2345186624475,213.496704315402,0.530504594870843,210,2277,-7.00790299958298,0.982048520796811,-0.706594390446058,0.0990182050154186
"4063","WLF","",NA,NA,NA,NA,NA,NA,NA,NA,NA,NA,NA
"4064","WSM","Samoa",42.7946257197697,181.877159309021,39.9865886591125,169.943001801228,0.324032843021572,161,2084,-6.56165818354147,0.757181159016142,-0.572656310354758,0.0660815538791594
"4065","WeAf","Western Africa",53.023538961039,225.350040584416,50.629029129669,215.173373801093,0.567603163707154,207,2464,-4.51593740872228,1.07047393446187,-0.413014073998477,0.0979023314024108
"4066","WeAs","Western Asia",58.7216494845361,249.567010309278,54.1680888371782,230.214377558007,0.918557268994277,208,2619,-7.75448354623796,1.56425658519039,-0.738932140178344,0.149059503368678
"4067","WeEu","Western Europe",52.9162011173184,224.893854748603,48.6850385012672,206.911413630385,0.600111058981489,209,2148,-7.9959682038976,1.13407812033031,-0.837171374218711,0.118737057759373
"4068","YEM","Yemen",43.2879920279023,183.973966118585,40.5582599626343,172.372604841196,0.722513697777284,211,2007,-6.30597987429992,1.66908573008323,-0.578044906696029,0.152998665448603
"4069","ZAF","South Africa",52.4918716131722,223.090454355982,49.4481987797096,210.154844813766,1.34499697456658,174,2399,-5.79836980455238,2.56229571023539,-0.539208401092789,0.238275829174988
"4070","ZMB","Zambia",45.7324414715719,194.362876254181,43.8817332846333,186.497366459692,1.52868572667545,212,1794,-4.04681693648262,3.34267246069884,-0.438434213739627,0.362146841603716
"4071","ZWE","Zimbabwe",43.1317829457364,183.31007751938,41.1510065614589,174.891777886201,1.36339586523993,213,1935,-4.59238234313077,3.16100047836002,-0.43505424460875,0.299453872210321
